{
    "model_params": {
        "chains": 2,
        "draws": 250,
        "tune": 25,
        "m": 50
    },
    "friedman": {
        "BART": {
            "train_time": 7.2250518798828125,
            "RMSE": 1.528537160245899,
            "MAE": 1.259715380637842,
            "R2": 0.8943938170987183
        },
        "BARTOnCatboostTrees": {
            "train_time": 5.10253381729126,
            "RMSE": 1.6215364421106968,
            "MAE": 1.3486557563460042,
            "R2": 0.8811523032480352
        }
    },
    "sin": {
        "BART": {
            "train_time": 5.809985637664795,
            "RMSE": 0.1094266542918014,
            "MAE": 0.08040796052644261,
            "R2": 0.9759312710160856
        },
        "BARTOnCatboostTrees": {
            "train_time": 4.377403020858765,
            "RMSE": 0.10657921873480691,
            "MAE": 0.07746467704166417,
            "R2": 0.9771675781585492
        }
    },
    "cancer": {
        "BART": {
            "train_time": 5.5760109424591064,
            "Accuracy": 0.9941520467836257,
            "F1-score": 0.9953917050691244
        },
        "BARTOnCatboostTrees": {
            "train_time": 4.977808952331543,
            "Accuracy": 0.9824561403508771,
            "F1-score": 0.9861751152073732
        }
    },
    "csgo": {
        "BART": {
            "train_time": 37.25874400138855,
            "Accuracy": 0.6321404756612581,
            "F1-score": 0.6832535885167464
        },
        "BARTOnCatboostTrees": {
            "train_time": 31.463714122772217,
            "Accuracy": 0.6390308957546121,
            "F1-score": 0.6857585139318886
        }
    },
    "california": {
        "BART": {
            "train_time": 23.515556812286377,
            "RMSE": 0.6494004392757701,
            "MAE": 0.4741630142151557,
            "R2": 0.6786986332676936
        },
        "BARTOnCatboostTrees": {
            "train_time": 22.617666959762573,
            "RMSE": 0.6906641625902331,
            "MAE": 0.5136873119826911,
            "R2": 0.6365695930763011
        }
    },
    "moons": {
        "BART": {
            "train_time": 4.799320936203003,
            "Accuracy": 0.9666666666666667,
            "F1-score": 0.9629629629629629
        },
        "BARTOnCatboostTrees": {
            "train_time": 4.3133392333984375,
            "Accuracy": 0.9666666666666667,
            "F1-score": 0.9629629629629629
        }
    },
    "diabetes": {
        "BART": {
            "train_time": 4.862173795700073,
            "RMSE": 51.152138090326886,
            "MAE": 40.43233408645272,
            "R2": 0.51530343459007
        },
        "BARTOnCatboostTrees": {
            "train_time": 4.347694158554077,
            "RMSE": 50.76002903960262,
            "MAE": 40.16924995103792,
            "R2": 0.5227058808516016
        }
    },
    "raisin": {
        "BART": {
            "train_time": 6.164867877960205,
            "Accuracy": 0.8555555555555555,
            "F1-score": 0.8505747126436781
        },
        "BARTOnCatboostTrees": {
            "train_time": 5.548326015472412,
            "Accuracy": 0.8629629629629629,
            "F1-score": 0.8571428571428571
        }
    }
}
