{
    "model_params": {
        "chains": 2,
        "draws": 250,
        "tune": 25,
        "m": 50
    },
    "friedman": {
        "BART": {
            "train_time": 5.43274188041687,
            "RMSE": 1.4799441811002085,
            "MAE": 1.2199177608628164,
            "R2": 0.9010016368972212
        },
        "BARTOnCatboostTrees": {
            "train_time": 5.034739017486572,
            "RMSE": 1.7198361323701203,
            "MAE": 1.427330533279947,
            "R2": 0.8663061343884931
        }
    },
    "sin": {
        "BART": {
            "train_time": 5.8503501415252686,
            "RMSE": 0.10418026820761381,
            "MAE": 0.07635471587541892,
            "R2": 0.9781838627461099
        },
        "BARTOnCatboostTrees": {
            "train_time": 4.457455158233643,
            "RMSE": 0.08064992284158451,
            "MAE": 0.059126372784524976,
            "R2": 0.9869258089359728
        }
    },
    "cancer": {
        "BART": {
            "train_time": 5.7373833656311035,
            "Accuracy": 0.9824561403508771,
            "F1-score": 0.9861751152073732
        },
        "BARTOnCatboostTrees": {
            "train_time": 5.058818101882935,
            "Accuracy": 0.9824561403508771,
            "F1-score": 0.9861751152073732
        }
    },
    "csgo": {
        "BART": {
            "train_time": 38.7490553855896,
            "Accuracy": 0.6308068459657702,
            "F1-score": 0.6403983546222126
        },
        "BARTOnCatboostTrees": {
            "train_time": 29.743715047836304,
            "Accuracy": 0.6299177595021116,
            "F1-score": 0.6536301227376742
        }
    },
    "california": {
        "BART": {
            "train_time": 23.74727201461792,
            "RMSE": 0.6529410993859855,
            "MAE": 0.4791916506715398,
            "R2": 0.6751854844440004
        },
        "BARTOnCatboostTrees": {
            "train_time": 22.658344984054565,
            "RMSE": 0.6839704118664367,
            "MAE": 0.5071469869638386,
            "R2": 0.6435800159372456
        }
    },
    "moons": {
        "BART": {
            "train_time": 5.335952997207642,
            "Accuracy": 0.9666666666666667,
            "F1-score": 0.9629629629629629
        },
        "BARTOnCatboostTrees": {
            "train_time": 4.823668003082275,
            "Accuracy": 0.9666666666666667,
            "F1-score": 0.9629629629629629
        }
    },
    "diabetes": {
        "BART": {
            "train_time": 5.657006740570068,
            "RMSE": 50.80112939345522,
            "MAE": 40.35537735091812,
            "R2": 0.5219326386184058
        },
        "BARTOnCatboostTrees": {
            "train_time": 4.5991270542144775,
            "RMSE": 50.77083898808859,
            "MAE": 40.09068194309183,
            "R2": 0.5225025683504388
        }
    },
    "raisin": {
        "BART": {
            "train_time": 6.826959848403931,
            "Accuracy": 0.8629629629629629,
            "F1-score": 0.8582375478927203
        },
        "BARTOnCatboostTrees": {
            "train_time": 5.28350305557251,
            "Accuracy": 0.8629629629629629,
            "F1-score": 0.8582375478927203
        }
    }
}
