{
    "model_params": {
        "chains": 2,
        "draws": 250,
        "tune": 25,
        "m": 50
    },
    "friedman": {
        "BART": {
            "train_time": 5.391927003860474,
            "RMSE": 1.4976527586338348,
            "MAE": 1.2482151586612307,
            "R2": 0.8986182918063108
        },
        "BARTOnCatboostTrees": {
            "train_time": 5.016518831253052,
            "RMSE": 1.6228770432234434,
            "MAE": 1.3522111463445965,
            "R2": 0.8809557079546881
        }
    },
    "sin": {
        "BART": {
            "train_time": 5.819491147994995,
            "RMSE": 0.09228005227673336,
            "MAE": 0.06940403656262034,
            "R2": 0.9828831999031223
        },
        "BARTOnCatboostTrees": {
            "train_time": 4.548152208328247,
            "RMSE": 0.10167271917882728,
            "MAE": 0.0721098698540394,
            "R2": 0.9792214234669011
        }
    },
    "cancer": {
        "BART": {
            "train_time": 5.566164970397949,
            "Accuracy": 0.9824561403508771,
            "F1-score": 0.9861751152073732
        },
        "BARTOnCatboostTrees": {
            "train_time": 4.944881916046143,
            "Accuracy": 0.9883040935672515,
            "F1-score": 0.9908256880733946
        }
    },
    "csgo": {
        "BART": {
            "train_time": 38.44939374923706,
            "Accuracy": 0.6359190931318071,
            "F1-score": 0.657608695652174
        },
        "BARTOnCatboostTrees": {
            "train_time": 30.405275106430054,
            "Accuracy": 0.6265836852633918,
            "F1-score": 0.6515968477810037
        }
    },
    "california": {
        "BART": {
            "train_time": 23.082366943359375,
            "RMSE": 0.6501853932603268,
            "MAE": 0.4750965572474716,
            "R2": 0.677921426482583
        },
        "BARTOnCatboostTrees": {
            "train_time": 22.72271728515625,
            "RMSE": 0.6729500441894566,
            "MAE": 0.4965721693927794,
            "R2": 0.6549730105170899
        }
    },
    "moons": {
        "BART": {
            "train_time": 5.258379936218262,
            "Accuracy": 0.9666666666666667,
            "F1-score": 0.9629629629629629
        },
        "BARTOnCatboostTrees": {
            "train_time": 4.567765951156616,
            "Accuracy": 0.9666666666666667,
            "F1-score": 0.9629629629629629
        }
    },
    "diabetes": {
        "BART": {
            "train_time": 5.121366739273071,
            "RMSE": 50.57796668688165,
            "MAE": 40.040357148051086,
            "R2": 0.5261235877952949
        },
        "BARTOnCatboostTrees": {
            "train_time": 4.6407458782196045,
            "RMSE": 51.74454817122392,
            "MAE": 41.02444657627825,
            "R2": 0.50401155629765
        }
    },
    "raisin": {
        "BART": {
            "train_time": 6.552573204040527,
            "Accuracy": 0.8592592592592593,
            "F1-score": 0.8538461538461538
        },
        "BARTOnCatboostTrees": {
            "train_time": 5.574215888977051,
            "Accuracy": 0.8592592592592593,
            "F1-score": 0.8538461538461538
        }
    }
}
