{
    "model_params": {
        "chains": 2,
        "draws": 250,
        "tune": 25,
        "m": 50
    },
    "friedman": {
        "BART": {
            "train_time": 5.715670108795166,
            "RMSE": 1.4196941918983217,
            "MAE": 1.1709775258861317,
            "R2": 0.9088982008085001
        },
        "BARTOnCatboostTrees": {
            "train_time": 5.108137130737305,
            "RMSE": 1.722268839383399,
            "MAE": 1.4198152131775839,
            "R2": 0.8659276471328236
        }
    },
    "sin": {
        "BART": {
            "train_time": 6.477570056915283,
            "RMSE": 0.10655898335525806,
            "MAE": 0.08166683740778695,
            "R2": 0.9771762473694349
        },
        "BARTOnCatboostTrees": {
            "train_time": 4.438828945159912,
            "RMSE": 0.081585965832065,
            "MAE": 0.05997570299655088,
            "R2": 0.9866205631743701
        }
    },
    "cancer": {
        "BART": {
            "train_time": 5.656879901885986,
            "Accuracy": 0.9824561403508771,
            "F1-score": 0.9861751152073732
        },
        "BARTOnCatboostTrees": {
            "train_time": 4.7931809425354,
            "Accuracy": 0.9883040935672515,
            "F1-score": 0.9908256880733946
        }
    },
    "csgo": {
        "BART": {
            "train_time": 38.101935148239136,
            "Accuracy": 0.6376972660591242,
            "F1-score": 0.69903988183161
        },
        "BARTOnCatboostTrees": {
            "train_time": 28.83224606513977,
            "Accuracy": 0.6276950433429651,
            "F1-score": 0.6899870442346845
        }
    },
    "california": {
        "BART": {
            "train_time": 24.52536106109619,
            "RMSE": 0.6508090536658738,
            "MAE": 0.4780575232409195,
            "R2": 0.677303252059147
        },
        "BARTOnCatboostTrees": {
            "train_time": 22.40675187110901,
            "RMSE": 0.6982949351892637,
            "MAE": 0.519311206494962,
            "R2": 0.6284945400082748
        }
    },
    "moons": {
        "BART": {
            "train_time": 5.1424880027771,
            "Accuracy": 0.9666666666666667,
            "F1-score": 0.9629629629629629
        },
        "BARTOnCatboostTrees": {
            "train_time": 4.60210108757019,
            "Accuracy": 0.9666666666666667,
            "F1-score": 0.9629629629629629
        }
    },
    "diabetes": {
        "BART": {
            "train_time": 5.140222072601318,
            "RMSE": 50.70832230737992,
            "MAE": 40.31497450997044,
            "R2": 0.52367777743542
        },
        "BARTOnCatboostTrees": {
            "train_time": 5.100954294204712,
            "RMSE": 50.97262761474351,
            "MAE": 40.62037291071783,
            "R2": 0.518699399783087
        }
    },
    "raisin": {
        "BART": {
            "train_time": 6.47811222076416,
            "Accuracy": 0.8592592592592593,
            "F1-score": 0.8549618320610687
        },
        "BARTOnCatboostTrees": {
            "train_time": 5.54324197769165,
            "Accuracy": 0.8666666666666667,
            "F1-score": 0.8615384615384616
        }
    }
}
