{
    "model_params": {
        "chains": 2,
        "draws": 250,
        "tune": 25,
        "m": 50
    },
    "friedman": {
        "BART": {
            "train_time": 5.702335834503174,
            "RMSE": 1.4525404812250984,
            "MAE": 1.2107446901427374,
            "R2": 0.9046339417811396
        },
        "BARTOnCatboostTrees": {
            "train_time": 5.4202868938446045,
            "RMSE": 1.6896147500818186,
            "MAE": 1.3995985113051497,
            "R2": 0.8709634546751257
        }
    },
    "sin": {
        "BART": {
            "train_time": 6.417782783508301,
            "RMSE": 0.10469012462896873,
            "MAE": 0.07837244077671139,
            "R2": 0.9779698046335096
        },
        "BARTOnCatboostTrees": {
            "train_time": 4.789118766784668,
            "RMSE": 0.08304004021621104,
            "MAE": 0.06368386994315665,
            "R2": 0.9861394004440001
        }
    },
    "cancer": {
        "BART": {
            "train_time": 6.121908187866211,
            "Accuracy": 0.9824561403508771,
            "F1-score": 0.9861751152073732
        },
        "BARTOnCatboostTrees": {
            "train_time": 5.568156957626343,
            "Accuracy": 0.9766081871345029,
            "F1-score": 0.9814814814814815
        }
    },
    "csgo": {
        "BART": {
            "train_time": 38.28515315055847,
            "Accuracy": 0.6288064014225383,
            "F1-score": 0.6464860287891617
        },
        "BARTOnCatboostTrees": {
            "train_time": 29.855341911315918,
            "Accuracy": 0.637252722827295,
            "F1-score": 0.6612702366127023
        }
    },
    "california": {
        "BART": {
            "train_time": 23.691100120544434,
            "RMSE": 0.6519783329124091,
            "MAE": 0.4787064344600155,
            "R2": 0.6761426610458094
        },
        "BARTOnCatboostTrees": {
            "train_time": 22.160062789916992,
            "RMSE": 0.6885065998600867,
            "MAE": 0.511123188173344,
            "R2": 0.6388366837486971
        }
    },
    "moons": {
        "BART": {
            "train_time": 5.4200661182403564,
            "Accuracy": 0.9666666666666667,
            "F1-score": 0.9629629629629629
        },
        "BARTOnCatboostTrees": {
            "train_time": 4.771639823913574,
            "Accuracy": 0.9666666666666667,
            "F1-score": 0.9629629629629629
        }
    },
    "diabetes": {
        "BART": {
            "train_time": 5.219192028045654,
            "RMSE": 50.77180958947391,
            "MAE": 40.11614587337987,
            "R2": 0.5224843112521544
        },
        "BARTOnCatboostTrees": {
            "train_time": 4.6107330322265625,
            "RMSE": 50.87058568242978,
            "MAE": 40.35688779856639,
            "R2": 0.5206244990431286
        }
    },
    "raisin": {
        "BART": {
            "train_time": 6.383237838745117,
            "Accuracy": 0.8629629629629629,
            "F1-score": 0.8582375478927203
        },
        "BARTOnCatboostTrees": {
            "train_time": 5.359264135360718,
            "Accuracy": 0.8629629629629629,
            "F1-score": 0.8582375478927203
        }
    }
}
