{
    "model_params": {
        "chains": 2,
        "draws": 250,
        "tune": 25,
        "m": 50
    },
    "friedman": {
        "BART": {
            "train_time": 5.47912073135376,
            "RMSE": 1.465498698194351,
            "MAE": 1.2274937511682,
            "R2": 0.9029248172449758
        },
        "BARTOnCatboostTrees": {
            "train_time": 5.153204917907715,
            "RMSE": 1.6147283739301526,
            "MAE": 1.3324889537301003,
            "R2": 0.8821481793046706
        }
    },
    "sin": {
        "BART": {
            "train_time": 5.801977872848511,
            "RMSE": 0.09823107655210711,
            "MAE": 0.07334629704617494,
            "R2": 0.9806043328631439
        },
        "BARTOnCatboostTrees": {
            "train_time": 4.603889226913452,
            "RMSE": 0.09343381533043132,
            "MAE": 0.07019483322262236,
            "R2": 0.9824525068397967
        }
    },
    "cancer": {
        "BART": {
            "train_time": 5.931134939193726,
            "Accuracy": 0.9883040935672515,
            "F1-score": 0.9908256880733946
        },
        "BARTOnCatboostTrees": {
            "train_time": 5.076080799102783,
            "Accuracy": 0.9883040935672515,
            "F1-score": 0.9908256880733946
        }
    },
    "csgo": {
        "BART": {
            "train_time": 37.49848175048828,
            "Accuracy": 0.6319182040453434,
            "F1-score": 0.6494496189669772
        },
        "BARTOnCatboostTrees": {
            "train_time": 30.799241065979004,
            "Accuracy": 0.6285841298066237,
            "F1-score": 0.6549659302085484
        }
    },
    "california": {
        "BART": {
            "train_time": 23.18497896194458,
            "RMSE": 0.6522243232639607,
            "MAE": 0.47730115517164273,
            "R2": 0.6758982332618678
        },
        "BARTOnCatboostTrees": {
            "train_time": 22.077232837677002,
            "RMSE": 0.6740235930421669,
            "MAE": 0.4988135504715881,
            "R2": 0.6538712978956831
        }
    },
    "moons": {
        "BART": {
            "train_time": 5.17382287979126,
            "Accuracy": 0.9666666666666667,
            "F1-score": 0.9629629629629629
        },
        "BARTOnCatboostTrees": {
            "train_time": 4.6422858238220215,
            "Accuracy": 0.9666666666666667,
            "F1-score": 0.9629629629629629
        }
    },
    "diabetes": {
        "BART": {
            "train_time": 5.144248008728027,
            "RMSE": 50.661691096928244,
            "MAE": 39.94066897697081,
            "R2": 0.5245534234039437
        },
        "BARTOnCatboostTrees": {
            "train_time": 4.617449998855591,
            "RMSE": 50.544198396011105,
            "MAE": 40.05060615519617,
            "R2": 0.5267561420761175
        }
    },
    "raisin": {
        "BART": {
            "train_time": 6.501990079879761,
            "Accuracy": 0.8629629629629629,
            "F1-score": 0.8571428571428571
        },
        "BARTOnCatboostTrees": {
            "train_time": 5.621383905410767,
            "Accuracy": 0.8518518518518519,
            "F1-score": 0.8484848484848485
        }
    }
}
