{
    "model_params": {
        "chains": 2,
        "draws": 250,
        "tune": 25,
        "m": 50
    },
    "friedman": {
        "BART": {
            "train_time": 5.627425909042358,
            "RMSE": 1.4618024306125812,
            "MAE": 1.2130815394018988,
            "R2": 0.9034138840048491
        },
        "BARTOnCatboostTrees": {
            "train_time": 5.229007959365845,
            "RMSE": 1.6523057651286337,
            "MAE": 1.3794133869846976,
            "R2": 0.8765991420372724
        }
    },
    "sin": {
        "BART": {
            "train_time": 6.088622093200684,
            "RMSE": 0.11231232173804576,
            "MAE": 0.0833059771062607,
            "R2": 0.9746451103232355
        },
        "BARTOnCatboostTrees": {
            "train_time": 4.7412333488464355,
            "RMSE": 0.09882269780747124,
            "MAE": 0.06887148667663368,
            "R2": 0.9803699987900567
        }
    },
    "cancer": {
        "BART": {
            "train_time": 5.980230331420898,
            "Accuracy": 0.9883040935672515,
            "F1-score": 0.9908256880733946
        },
        "BARTOnCatboostTrees": {
            "train_time": 5.138395071029663,
            "Accuracy": 0.9824561403508771,
            "F1-score": 0.9861751152073732
        }
    },
    "csgo": {
        "BART": {
            "train_time": 38.70003604888916,
            "Accuracy": 0.6299177595021116,
            "F1-score": 0.666399519134442
        },
        "BARTOnCatboostTrees": {
            "train_time": 31.085071086883545,
            "Accuracy": 0.6319182040453434,
            "F1-score": 0.6613496932515337
        }
    },
    "california": {
        "BART": {
            "train_time": 23.70989418029785,
            "RMSE": 0.6500734263888316,
            "MAE": 0.4762682051827869,
            "R2": 0.6780323456928254
        },
        "BARTOnCatboostTrees": {
            "train_time": 21.970778703689575,
            "RMSE": 0.6907686097619236,
            "MAE": 0.5112594460995199,
            "R2": 0.6364596636767393
        }
    },
    "moons": {
        "BART": {
            "train_time": 5.2601399421691895,
            "Accuracy": 0.9666666666666667,
            "F1-score": 0.9629629629629629
        },
        "BARTOnCatboostTrees": {
            "train_time": 4.6319098472595215,
            "Accuracy": 0.9666666666666667,
            "F1-score": 0.9629629629629629
        }
    },
    "diabetes": {
        "BART": {
            "train_time": 5.1603758335113525,
            "RMSE": 50.43896263462063,
            "MAE": 39.60971130037319,
            "R2": 0.5287247293274235
        },
        "BARTOnCatboostTrees": {
            "train_time": 4.703212022781372,
            "RMSE": 50.96227228813078,
            "MAE": 40.35995356360413,
            "R2": 0.5188949368343799
        }
    },
    "raisin": {
        "BART": {
            "train_time": 6.565968036651611,
            "Accuracy": 0.8629629629629629,
            "F1-score": 0.8571428571428571
        },
        "BARTOnCatboostTrees": {
            "train_time": 5.635148048400879,
            "Accuracy": 0.8629629629629629,
            "F1-score": 0.8571428571428571
        }
    }
}
