{
    "model_params": {
        "chains": 2,
        "draws": 250,
        "tune": 25,
        "m": 50
    },
    "friedman": {
        "BART": {
            "train_time": 5.7029030323028564,
            "RMSE": 1.4385113277871224,
            "MAE": 1.1851051558999928,
            "R2": 0.906467204397734
        },
        "BARTOnCatboostTrees": {
            "train_time": 5.458725929260254,
            "RMSE": 1.6786515010040508,
            "MAE": 1.3923463121295614,
            "R2": 0.8726325572909941
        }
    },
    "sin": {
        "BART": {
            "train_time": 6.085306167602539,
            "RMSE": 0.08522552385331517,
            "MAE": 0.06423827817154389,
            "R2": 0.9854002212742271
        },
        "BARTOnCatboostTrees": {
            "train_time": 4.808778285980225,
            "RMSE": 0.08764685028535003,
            "MAE": 0.06162517408938742,
            "R2": 0.9845588535378039
        }
    },
    "cancer": {
        "BART": {
            "train_time": 6.148111820220947,
            "Accuracy": 0.9883040935672515,
            "F1-score": 0.9907407407407407
        },
        "BARTOnCatboostTrees": {
            "train_time": 5.264120101928711,
            "Accuracy": 0.9883040935672515,
            "F1-score": 0.9908256880733946
        }
    },
    "csgo": {
        "BART": {
            "train_time": 38.433082818984985,
            "Accuracy": 0.6399199822182707,
            "F1-score": 0.6548785683851726
        },
        "BARTOnCatboostTrees": {
            "train_time": 29.7309250831604,
            "Accuracy": 0.6254723271838186,
            "F1-score": 0.6348862405200434
        }
    },
    "california": {
        "BART": {
            "train_time": 23.54538893699646,
            "RMSE": 0.6469332654779071,
            "MAE": 0.4733534172189957,
            "R2": 0.6811353439865622
        },
        "BARTOnCatboostTrees": {
            "train_time": 21.854322910308838,
            "RMSE": 0.6991126072064261,
            "MAE": 0.5197696307227917,
            "R2": 0.627623998196115
        }
    },
    "moons": {
        "BART": {
            "train_time": 5.420921087265015,
            "Accuracy": 0.9666666666666667,
            "F1-score": 0.9629629629629629
        },
        "BARTOnCatboostTrees": {
            "train_time": 4.874029159545898,
            "Accuracy": 0.9666666666666667,
            "F1-score": 0.9629629629629629
        }
    },
    "diabetes": {
        "BART": {
            "train_time": 5.93851900100708,
            "RMSE": 50.56212908509562,
            "MAE": 40.15050497973029,
            "R2": 0.5264203134789891
        },
        "BARTOnCatboostTrees": {
            "train_time": 4.9449450969696045,
            "RMSE": 50.23287053952224,
            "MAE": 39.8196489681171,
            "R2": 0.5325680946803109
        }
    },
    "raisin": {
        "BART": {
            "train_time": 6.9582672119140625,
            "Accuracy": 0.8555555555555555,
            "F1-score": 0.8494208494208494
        },
        "BARTOnCatboostTrees": {
            "train_time": 5.816253900527954,
            "Accuracy": 0.8629629629629629,
            "F1-score": 0.8582375478927203
        }
    }
}
