{
    "model_params": {
        "chains": 2,
        "draws": 250,
        "tune": 25,
        "m": 50
    },
    "friedman": {
        "BART": {
            "train_time": 5.776131868362427,
            "RMSE": 1.4369104646787425,
            "MAE": 1.1940800825286333,
            "R2": 0.9066752665560147
        },
        "BARTOnCatboostTrees": {
            "train_time": 5.124107837677002,
            "RMSE": 1.627008373335174,
            "MAE": 1.3442206319510672,
            "R2": 0.8803488384840201
        }
    },
    "sin": {
        "BART": {
            "train_time": 7.224029779434204,
            "RMSE": 0.11022159793205814,
            "MAE": 0.08268918990659908,
            "R2": 0.9755803001996055
        },
        "BARTOnCatboostTrees": {
            "train_time": 4.712566137313843,
            "RMSE": 0.08747318537373339,
            "MAE": 0.06763029044167712,
            "R2": 0.9846199835991406
        }
    },
    "cancer": {
        "BART": {
            "train_time": 5.935112953186035,
            "Accuracy": 0.9883040935672515,
            "F1-score": 0.9908256880733946
        },
        "BARTOnCatboostTrees": {
            "train_time": 5.149748802185059,
            "Accuracy": 0.9883040935672515,
            "F1-score": 0.9908256880733946
        }
    },
    "csgo": {
        "BART": {
            "train_time": 37.39477586746216,
            "Accuracy": 0.6421426983774172,
            "F1-score": 0.6857923497267759
        },
        "BARTOnCatboostTrees": {
            "train_time": 29.827643871307373,
            "Accuracy": 0.6270282284952211,
            "F1-score": 0.6803809523809524
        }
    },
    "california": {
        "BART": {
            "train_time": 23.128403902053833,
            "RMSE": 0.6482368472491956,
            "MAE": 0.47334709526345226,
            "R2": 0.6798490136568316
        },
        "BARTOnCatboostTrees": {
            "train_time": 21.840129137039185,
            "RMSE": 0.6827787789944452,
            "MAE": 0.5065123094622181,
            "R2": 0.6448208643150605
        }
    },
    "moons": {
        "BART": {
            "train_time": 5.230262041091919,
            "Accuracy": 0.9666666666666667,
            "F1-score": 0.9629629629629629
        },
        "BARTOnCatboostTrees": {
            "train_time": 4.490330696105957,
            "Accuracy": 0.9666666666666667,
            "F1-score": 0.9629629629629629
        }
    },
    "diabetes": {
        "BART": {
            "train_time": 5.020118713378906,
            "RMSE": 50.73656849337925,
            "MAE": 40.32171294281559,
            "R2": 0.523146975676678
        },
        "BARTOnCatboostTrees": {
            "train_time": 4.691082954406738,
            "RMSE": 50.96596300486941,
            "MAE": 40.54753029742646,
            "R2": 0.518825250506603
        }
    },
    "raisin": {
        "BART": {
            "train_time": 6.379493713378906,
            "Accuracy": 0.8592592592592593,
            "F1-score": 0.8538461538461538
        },
        "BARTOnCatboostTrees": {
            "train_time": 5.475053071975708,
            "Accuracy": 0.8555555555555555,
            "F1-score": 0.8505747126436781
        }
    }
}
