{
    "model_params": {
        "chains": 2,
        "draws": 250,
        "tune": 25,
        "m": 50
    },
    "friedman": {
        "BART": {
            "train_time": 6.721908330917358,
            "RMSE": 1.520215172823434,
            "MAE": 1.2551966661457357,
            "R2": 0.8955406140866423
        },
        "BARTOnCatboostTrees": {
            "train_time": 4.746408939361572,
            "RMSE": 1.6614718959285821,
            "MAE": 1.3806196223988816,
            "R2": 0.8752262172086354
        }
    },
    "sin": {
        "BART": {
            "train_time": 5.7059326171875,
            "RMSE": 0.10264641805552335,
            "MAE": 0.07612055118857997,
            "R2": 0.9788215333876799
        },
        "BARTOnCatboostTrees": {
            "train_time": 4.37192702293396,
            "RMSE": 0.0900820894672347,
            "MAE": 0.06526458141142606,
            "R2": 0.9836888787079742
        }
    },
    "cancer": {
        "BART": {
            "train_time": 5.647312879562378,
            "Accuracy": 0.9883040935672515,
            "F1-score": 0.9908256880733946
        },
        "BARTOnCatboostTrees": {
            "train_time": 4.805217981338501,
            "Accuracy": 0.9824561403508771,
            "F1-score": 0.9861751152073732
        }
    },
    "csgo": {
        "BART": {
            "train_time": 39.66750907897949,
            "Accuracy": 0.6388086241386974,
            "F1-score": 0.6772591857000994
        },
        "BARTOnCatboostTrees": {
            "train_time": 31.664430856704712,
            "Accuracy": 0.6394754389864414,
            "F1-score": 0.6941930618401206
        }
    },
    "california": {
        "BART": {
            "train_time": 24.428362131118774,
            "RMSE": 0.6574684875020705,
            "MAE": 0.4815187777649361,
            "R2": 0.6706654452043903
        },
        "BARTOnCatboostTrees": {
            "train_time": 21.690521240234375,
            "RMSE": 0.6903546871644651,
            "MAE": 0.5135540795730468,
            "R2": 0.6368952146660545
        }
    },
    "moons": {
        "BART": {
            "train_time": 5.216854095458984,
            "Accuracy": 0.9666666666666667,
            "F1-score": 0.9629629629629629
        },
        "BARTOnCatboostTrees": {
            "train_time": 4.663379907608032,
            "Accuracy": 0.9666666666666667,
            "F1-score": 0.9629629629629629
        }
    },
    "diabetes": {
        "BART": {
            "train_time": 4.950528144836426,
            "RMSE": 50.91656237329872,
            "MAE": 40.39104013437131,
            "R2": 0.5197575910328758
        },
        "BARTOnCatboostTrees": {
            "train_time": 4.527264833450317,
            "RMSE": 51.475331513786436,
            "MAE": 40.84575237137532,
            "R2": 0.5091591900035486
        }
    },
    "raisin": {
        "BART": {
            "train_time": 6.380223035812378,
            "Accuracy": 0.8592592592592593,
            "F1-score": 0.8538461538461538
        },
        "BARTOnCatboostTrees": {
            "train_time": 5.395650863647461,
            "Accuracy": 0.8629629629629629,
            "F1-score": 0.8571428571428571
        }
    }
}
