{
    "model_params": {
        "chains": 2.0,
        "draws": 250.0,
        "tune": 25.0,
        "m": 50.0
    },
    "friedman": {
        "BART": {
            "train_time": 5.877521657943726,
            "RMSE": 1.4701306867199593,
            "MAE": 1.2184527711335218,
            "R2": 0.9022567674682106
        },
        "BARTOnCatboostTrees": {
            "train_time": 5.139367127418518,
            "RMSE": 1.6610299116496072,
            "MAE": 1.3776700067647591,
            "R2": 0.8752260181724758
        }
    },
    "sin": {
        "BART": {
            "train_time": 6.128104829788208,
            "RMSE": 0.10257730208914248,
            "MAE": 0.07659062845681389,
            "R2": 0.9787195883716155
        },
        "BARTOnCatboostTrees": {
            "train_time": 4.584935212135315,
            "RMSE": 0.09109865050677154,
            "MAE": 0.06659468584616828,
            "R2": 0.9831764995654565
        }
    },
    "cancer": {
        "BART": {
            "train_time": 5.830025029182434,
            "Accuracy": 0.986549707602339,
            "F1-score": 0.9894135658932937
        },
        "BARTOnCatboostTrees": {
            "train_time": 5.077640962600708,
            "Accuracy": 0.9847953216374268,
            "F1-score": 0.9880310382677949
        }
    },
    "csgo": {
        "BART": {
            "train_time": 38.25381669998169,
            "Accuracy": 0.6348077350522339,
            "F1-score": 0.6660565791325371
        },
        "BARTOnCatboostTrees": {
            "train_time": 30.34076042175293,
            "Accuracy": 0.6312958435207824,
            "F1-score": 0.6668018643499153
        }
    },
    "california": {
        "BART": {
            "train_time": 23.65586850643158,
            "RMSE": 0.6510250668382331,
            "MAE": 0.47670038304369167,
            "R2": 0.677083183910171
        },
        "BARTOnCatboostTrees": {
            "train_time": 22.199852871894837,
            "RMSE": 0.6871424429864903,
            "MAE": 0.5097749879336779,
            "R2": 0.6402124882037261
        }
    },
    "moons": {
        "BART": {
            "train_time": 5.225820803642273,
            "Accuracy": 0.9666666666666666,
            "F1-score": 0.962962962962963
        },
        "BARTOnCatboostTrees": {
            "train_time": 4.638044953346252,
            "Accuracy": 0.9666666666666666,
            "F1-score": 0.962962962962963
        }
    },
    "diabetes": {
        "BART": {
            "train_time": 5.221375107765198,
            "RMSE": 50.732727975084,
            "MAE": 40.16728273030334,
            "R2": 0.5232124782611255
        },
        "BARTOnCatboostTrees": {
            "train_time": 4.6783209323883055,
            "RMSE": 50.92992652384085,
            "MAE": 40.388513053541146,
            "R2": 0.5194747518426865
        }
    },
    "raisin": {
        "BART": {
            "train_time": 6.519169306755066,
            "Accuracy": 0.86,
            "F1-score": 0.8547256665735212
        },
        "BARTOnCatboostTrees": {
            "train_time": 5.525204086303711,
            "Accuracy": 0.861111111111111,
            "F1-score": 0.8560585391619874
        }
    }
}
