{
    "model_params": {
        "chains": 2,
        "draws": 250,
        "tune": 25,
        "m": 100
    },
    "friedman": {
        "BART": {
            "train_time": 10.04052186012268,
            "RMSE": 1.1899076411028089,
            "MAE": 0.9735039972215646,
            "R2": 0.9360023761271196
        },
        "BARTOnTables": {
            "train_time": 7.73247504234314,
            "RMSE": 1.4885836461289828,
            "MAE": 1.2272797909503845,
            "R2": 0.8998424183576609
        }
    },
    "sin": {
        "BART": {
            "train_time": 11.095210075378418,
            "RMSE": 0.09644236672525008,
            "MAE": 0.07165951858882443,
            "R2": 0.9813042611063967
        },
        "BARTOnTables": {
            "train_time": 6.5700061321258545,
            "RMSE": 0.09262190677560822,
            "MAE": 0.06654088294923785,
            "R2": 0.9827561454979911
        }
    },
    "cancer": {
        "BART": {
            "train_time": 10.896161079406738,
            "Accuracy": 0.9824561403508771,
            "F1-score": 0.9861751152073732
        },
        "BARTOnTables": {
            "train_time": 7.675894021987915,
            "Accuracy": 0.9824561403508771,
            "F1-score": 0.9861751152073732
        }
    },
    "csgo": {
        "BART": {
            "train_time": 73.45061087608337,
            "Accuracy": 0.6408090686819293,
            "F1-score": 0.6741935483870968
        },
        "BARTOnTables": {
            "train_time": 55.34455919265747,
            "Accuracy": 0.6394754389864414,
            "F1-score": 0.6733789770438985
        }
    },
    "california": {
        "BART": {
            "train_time": 37.729445934295654,
            "RMSE": 0.6183573006964141,
            "MAE": 0.4478741307020405,
            "R2": 0.7086826154505745
        },
        "BARTOnTables": {
            "train_time": 39.75534701347351,
            "RMSE": 0.6561877020925515,
            "MAE": 0.4820665442393454,
            "R2": 0.6719473196939703
        }
    },
    "moons": {
        "BART": {
            "train_time": 9.569525003433228,
            "Accuracy": 0.9666666666666667,
            "F1-score": 0.9629629629629629
        },
        "BARTOnTables": {
            "train_time": 6.651636838912964,
            "Accuracy": 0.9666666666666667,
            "F1-score": 0.9629629629629629
        }
    },
    "diabetes": {
        "BART": {
            "train_time": 9.22376799583435,
            "RMSE": 50.75358635887429,
            "MAE": 39.947857593792186,
            "R2": 0.5228270335984324
        },
        "BARTOnTables": {
            "train_time": 7.014926910400391,
            "RMSE": 51.31330584767225,
            "MAE": 40.48483903868459,
            "R2": 0.5122443044823946
        }
    },
    "raisin": {
        "BART": {
            "train_time": 12.203366041183472,
            "Accuracy": 0.8592592592592593,
            "F1-score": 0.8538461538461538
        },
        "BARTOnTables": {
            "train_time": 8.568253755569458,
            "Accuracy": 0.8555555555555555,
            "F1-score": 0.8505747126436781
        }
    }
}
