{
    "model_params": {
        "chains": 2,
        "draws": 250,
        "tune": 25,
        "m": 100
    },
    "friedman": {
        "BART": {
            "train_time": 10.183686971664429,
            "RMSE": 1.1843857469387566,
            "MAE": 0.970679094548914,
            "R2": 0.9365949736126299
        },
        "BARTOnTables": {
            "train_time": 7.861191034317017,
            "RMSE": 1.3795044040775941,
            "MAE": 1.1308482348934055,
            "R2": 0.9139831517565347
        }
    },
    "sin": {
        "BART": {
            "train_time": 11.101270914077759,
            "RMSE": 0.09257659325411761,
            "MAE": 0.06812171007162786,
            "R2": 0.9827730138320837
        },
        "BARTOnTables": {
            "train_time": 6.622267007827759,
            "RMSE": 0.08809386642478026,
            "MAE": 0.06720924783572198,
            "R2": 0.9844009461273024
        }
    },
    "cancer": {
        "BART": {
            "train_time": 11.076104402542114,
            "Accuracy": 0.9824561403508771,
            "F1-score": 0.9861751152073732
        },
        "BARTOnTables": {
            "train_time": 7.800960063934326,
            "Accuracy": 0.9824561403508771,
            "F1-score": 0.9861751152073732
        }
    },
    "csgo": {
        "BART": {
            "train_time": 72.14299178123474,
            "Accuracy": 0.6443654145365637,
            "F1-score": 0.6641477749790092
        },
        "BARTOnTables": {
            "train_time": 55.52365732192993,
            "Accuracy": 0.6363636363636364,
            "F1-score": 0.6472617507546357
        }
    },
    "california": {
        "BART": {
            "train_time": 37.96909189224243,
            "RMSE": 0.6213090961217516,
            "MAE": 0.45052740086821286,
            "R2": 0.7058947070451185
        },
        "BARTOnTables": {
            "train_time": 39.833377838134766,
            "RMSE": 0.6581087636524527,
            "MAE": 0.48374751046006303,
            "R2": 0.670023687491323
        }
    },
    "moons": {
        "BART": {
            "train_time": 9.664759874343872,
            "Accuracy": 0.9666666666666667,
            "F1-score": 0.9629629629629629
        },
        "BARTOnTables": {
            "train_time": 6.6393141746521,
            "Accuracy": 0.9666666666666667,
            "F1-score": 0.9629629629629629
        }
    },
    "diabetes": {
        "BART": {
            "train_time": 9.228092908859253,
            "RMSE": 50.42971591405388,
            "MAE": 39.92764380546128,
            "R2": 0.5288975065245782
        },
        "BARTOnTables": {
            "train_time": 7.048382997512817,
            "RMSE": 50.89183699615507,
            "MAE": 40.11546045719923,
            "R2": 0.5202238947676449
        }
    },
    "raisin": {
        "BART": {
            "train_time": 12.105594873428345,
            "Accuracy": 0.8592592592592593,
            "F1-score": 0.8538461538461538
        },
        "BARTOnTables": {
            "train_time": 8.701433658599854,
            "Accuracy": 0.8592592592592593,
            "F1-score": 0.8538461538461538
        }
    }
}
