{
    "model_params": {
        "chains": 2,
        "draws": 250,
        "tune": 25,
        "m": 100
    },
    "friedman": {
        "BART": {
            "train_time": 10.115141868591309,
            "RMSE": 1.214083390149539,
            "MAE": 1.0020339279723425,
            "R2": 0.9333754363006735
        },
        "BARTOnTables": {
            "train_time": 7.881587982177734,
            "RMSE": 1.4298961380549817,
            "MAE": 1.1811087658212007,
            "R2": 0.9075841783188175
        }
    },
    "sin": {
        "BART": {
            "train_time": 11.177328109741211,
            "RMSE": 0.09721894856584569,
            "MAE": 0.07035627820881804,
            "R2": 0.9810019618889476
        },
        "BARTOnTables": {
            "train_time": 6.684020280838013,
            "RMSE": 0.10689480741701213,
            "MAE": 0.08103801842611567,
            "R2": 0.9770321611000601
        }
    },
    "cancer": {
        "BART": {
            "train_time": 11.034419059753418,
            "Accuracy": 0.9824561403508771,
            "F1-score": 0.9861751152073732
        },
        "BARTOnTables": {
            "train_time": 7.750404119491577,
            "Accuracy": 0.9824561403508771,
            "F1-score": 0.9861751152073732
        }
    },
    "csgo": {
        "BART": {
            "train_time": 73.65769076347351,
            "Accuracy": 0.6419204267615025,
            "F1-score": 0.6666666666666666
        },
        "BARTOnTables": {
            "train_time": 55.08237075805664,
            "Accuracy": 0.6301400311180262,
            "F1-score": 0.6447480785653288
        }
    },
    "california": {
        "BART": {
            "train_time": 37.816763162612915,
            "RMSE": 0.6128733505715418,
            "MAE": 0.44263182067453394,
            "R2": 0.7138268449057898
        },
        "BARTOnTables": {
            "train_time": 39.626577854156494,
            "RMSE": 0.6487084836809127,
            "MAE": 0.4756056037041621,
            "R2": 0.679382980912864
        }
    },
    "moons": {
        "BART": {
            "train_time": 9.540709972381592,
            "Accuracy": 0.9666666666666667,
            "F1-score": 0.9629629629629629
        },
        "BARTOnTables": {
            "train_time": 6.536799192428589,
            "Accuracy": 0.9666666666666667,
            "F1-score": 0.9629629629629629
        }
    },
    "diabetes": {
        "BART": {
            "train_time": 9.088391065597534,
            "RMSE": 50.8798967225637,
            "MAE": 40.12640915092932,
            "R2": 0.520448999077749
        },
        "BARTOnTables": {
            "train_time": 6.922758102416992,
            "RMSE": 50.29387650998397,
            "MAE": 39.834780015763734,
            "R2": 0.5314320476019254
        }
    },
    "raisin": {
        "BART": {
            "train_time": 11.992641687393188,
            "Accuracy": 0.8592592592592593,
            "F1-score": 0.8538461538461538
        },
        "BARTOnTables": {
            "train_time": 8.545936107635498,
            "Accuracy": 0.8592592592592593,
            "F1-score": 0.8538461538461538
        }
    }
}
