{
    "model_params": {
        "chains": 2,
        "draws": 250,
        "tune": 25,
        "m": 100
    },
    "friedman": {
        "BART": {
            "train_time": 9.999694108963013,
            "RMSE": 1.208527205308131,
            "MAE": 0.9857187727678112,
            "R2": 0.9339838481173913
        },
        "BARTOnTables": {
            "train_time": 7.771097898483276,
            "RMSE": 1.4285805602585528,
            "MAE": 1.1906088602753921,
            "R2": 0.9077541546825498
        }
    },
    "sin": {
        "BART": {
            "train_time": 11.076884031295776,
            "RMSE": 0.10919875880863526,
            "MAE": 0.08130737731029206,
            "R2": 0.9760314192455347
        },
        "BARTOnTables": {
            "train_time": 7.401755094528198,
            "RMSE": 0.09107610633738844,
            "MAE": 0.06986853435394465,
            "R2": 0.9833269203103934
        }
    },
    "cancer": {
        "BART": {
            "train_time": 11.120974063873291,
            "Accuracy": 0.9883040935672515,
            "F1-score": 0.9907407407407407
        },
        "BARTOnTables": {
            "train_time": 7.844883918762207,
            "Accuracy": 0.9883040935672515,
            "F1-score": 0.9908256880733946
        }
    },
    "csgo": {
        "BART": {
            "train_time": 73.32150983810425,
            "Accuracy": 0.628361858190709,
            "F1-score": 0.6478517270429655
        },
        "BARTOnTables": {
            "train_time": 55.75174403190613,
            "Accuracy": 0.6376972660591242,
            "F1-score": 0.6527481891776736
        }
    },
    "california": {
        "BART": {
            "train_time": 37.95784592628479,
            "RMSE": 0.6203459495120874,
            "MAE": 0.4496024471596031,
            "R2": 0.7068058379434852
        },
        "BARTOnTables": {
            "train_time": 39.71936011314392,
            "RMSE": 0.6591079763320298,
            "MAE": 0.48416643672725596,
            "R2": 0.6690209145775599
        }
    },
    "moons": {
        "BART": {
            "train_time": 9.663233041763306,
            "Accuracy": 0.9666666666666667,
            "F1-score": 0.9629629629629629
        },
        "BARTOnTables": {
            "train_time": 6.583374261856079,
            "Accuracy": 0.9666666666666667,
            "F1-score": 0.9629629629629629
        }
    },
    "diabetes": {
        "BART": {
            "train_time": 9.127646207809448,
            "RMSE": 50.65477209804614,
            "MAE": 39.83912227549946,
            "R2": 0.5246832804862935
        },
        "BARTOnTables": {
            "train_time": 6.979280233383179,
            "RMSE": 51.15928927488282,
            "MAE": 40.40076246368551,
            "R2": 0.5151679017654254
        }
    },
    "raisin": {
        "BART": {
            "train_time": 12.158425092697144,
            "Accuracy": 0.8555555555555555,
            "F1-score": 0.8505747126436781
        },
        "BARTOnTables": {
            "train_time": 8.605226993560791,
            "Accuracy": 0.8592592592592593,
            "F1-score": 0.8538461538461538
        }
    }
}
