{
    "model_params": {
        "chains": 2,
        "draws": 250,
        "tune": 25,
        "m": 100
    },
    "friedman": {
        "BART": {
            "train_time": 10.133394956588745,
            "RMSE": 1.1360980265489644,
            "MAE": 0.9259707356999056,
            "R2": 0.9416596602756416
        },
        "BARTOnTables": {
            "train_time": 7.854889869689941,
            "RMSE": 1.395073945707684,
            "MAE": 1.1461982690551407,
            "R2": 0.9120305657928486
        }
    },
    "sin": {
        "BART": {
            "train_time": 11.321384906768799,
            "RMSE": 0.10501133462734366,
            "MAE": 0.07790081802733796,
            "R2": 0.9778344112558474
        },
        "BARTOnTables": {
            "train_time": 6.63400673866272,
            "RMSE": 0.09395590592378743,
            "MAE": 0.07064166916599911,
            "R2": 0.9822558547578701
        }
    },
    "cancer": {
        "BART": {
            "train_time": 11.05569577217102,
            "Accuracy": 0.9883040935672515,
            "F1-score": 0.9908256880733946
        },
        "BARTOnTables": {
            "train_time": 7.789196014404297,
            "Accuracy": 0.9883040935672515,
            "F1-score": 0.9907407407407407
        }
    },
    "csgo": {
        "BART": {
            "train_time": 73.31778693199158,
            "Accuracy": 0.6343631918204046,
            "F1-score": 0.6458557588805167
        },
        "BARTOnTables": {
            "train_time": 54.226557970047,
            "Accuracy": 0.6319182040453434,
            "F1-score": 0.6714285714285714
        }
    },
    "california": {
        "BART": {
            "train_time": 37.84600615501404,
            "RMSE": 0.6132702190596132,
            "MAE": 0.44280215933716705,
            "R2": 0.713456099858274
        },
        "BARTOnTables": {
            "train_time": 39.75831580162048,
            "RMSE": 0.6579652641774884,
            "MAE": 0.4839103264695187,
            "R2": 0.6701675733283223
        }
    },
    "moons": {
        "BART": {
            "train_time": 9.624415874481201,
            "Accuracy": 0.9666666666666667,
            "F1-score": 0.9629629629629629
        },
        "BARTOnTables": {
            "train_time": 6.619907855987549,
            "Accuracy": 0.9666666666666667,
            "F1-score": 0.9629629629629629
        }
    },
    "diabetes": {
        "BART": {
            "train_time": 9.43753695487976,
            "RMSE": 51.03891472979243,
            "MAE": 40.37742728233171,
            "R2": 0.5174467756012179
        },
        "BARTOnTables": {
            "train_time": 7.013947248458862,
            "RMSE": 50.35177015225546,
            "MAE": 39.661211351440365,
            "R2": 0.5303526828600362
        }
    },
    "raisin": {
        "BART": {
            "train_time": 12.121743202209473,
            "Accuracy": 0.8555555555555555,
            "F1-score": 0.8505747126436781
        },
        "BARTOnTables": {
            "train_time": 8.611557960510254,
            "Accuracy": 0.8592592592592593,
            "F1-score": 0.8538461538461538
        }
    }
}
