{
    "model_params": {
        "chains": 2,
        "draws": 250,
        "tune": 25,
        "m": 100
    },
    "friedman": {
        "BART": {
            "train_time": 10.223058938980103,
            "RMSE": 1.2222552519226786,
            "MAE": 1.007675393521182,
            "R2": 0.9324755326611158
        },
        "BARTOnTables": {
            "train_time": 7.87231707572937,
            "RMSE": 1.4248444188337288,
            "MAE": 1.1708215185811497,
            "R2": 0.9082360215978403
        }
    },
    "sin": {
        "BART": {
            "train_time": 11.152636289596558,
            "RMSE": 0.09465175166055306,
            "MAE": 0.0728949996128462,
            "R2": 0.9819920520755557
        },
        "BARTOnTables": {
            "train_time": 6.605769157409668,
            "RMSE": 0.0849850156799355,
            "MAE": 0.06006547915407159,
            "R2": 0.9854825067535299
        }
    },
    "cancer": {
        "BART": {
            "train_time": 11.059784889221191,
            "Accuracy": 0.9883040935672515,
            "F1-score": 0.9907407407407407
        },
        "BARTOnTables": {
            "train_time": 7.774482011795044,
            "Accuracy": 0.9941520467836257,
            "F1-score": 0.9953917050691244
        }
    },
    "csgo": {
        "BART": {
            "train_time": 72.91363310813904,
            "Accuracy": 0.6345854634363192,
            "F1-score": 0.6607511349566653
        },
        "BARTOnTables": {
            "train_time": 55.377634048461914,
            "Accuracy": 0.6365859079795511,
            "F1-score": 0.6674801708358755
        }
    },
    "california": {
        "BART": {
            "train_time": 38.082194328308105,
            "RMSE": 0.6201135977372275,
            "MAE": 0.4491630110830758,
            "R2": 0.707025429692133
        },
        "BARTOnTables": {
            "train_time": 39.90294289588928,
            "RMSE": 0.6479183699672212,
            "MAE": 0.4751935881556083,
            "R2": 0.6801635152771163
        }
    },
    "moons": {
        "BART": {
            "train_time": 9.573892831802368,
            "Accuracy": 0.9666666666666667,
            "F1-score": 0.9629629629629629
        },
        "BARTOnTables": {
            "train_time": 6.6392669677734375,
            "Accuracy": 0.9666666666666667,
            "F1-score": 0.9629629629629629
        }
    },
    "diabetes": {
        "BART": {
            "train_time": 9.12280797958374,
            "RMSE": 50.97811189353762,
            "MAE": 39.923982026971046,
            "R2": 0.5185958254217515
        },
        "BARTOnTables": {
            "train_time": 7.015963077545166,
            "RMSE": 50.253803381472075,
            "MAE": 39.57615865569744,
            "R2": 0.5321784407820829
        }
    },
    "raisin": {
        "BART": {
            "train_time": 12.105905055999756,
            "Accuracy": 0.8629629629629629,
            "F1-score": 0.8582375478927203
        },
        "BARTOnTables": {
            "train_time": 8.599647045135498,
            "Accuracy": 0.8629629629629629,
            "F1-score": 0.8582375478927203
        }
    }
}
