{
    "model_params": {
        "chains": 2,
        "draws": 250,
        "tune": 25,
        "m": 100
    },
    "friedman": {
        "BART": {
            "train_time": 10.259958982467651,
            "RMSE": 1.2032428432208877,
            "MAE": 0.9825919565675497,
            "R2": 0.9345599055815688
        },
        "BARTOnTables": {
            "train_time": 7.823096036911011,
            "RMSE": 1.4530313162215662,
            "MAE": 1.202712033276617,
            "R2": 0.9045694796774227
        }
    },
    "sin": {
        "BART": {
            "train_time": 11.04793906211853,
            "RMSE": 0.09499262373732646,
            "MAE": 0.06943866518748014,
            "R2": 0.9818621134381884
        },
        "BARTOnTables": {
            "train_time": 6.590677976608276,
            "RMSE": 0.09039970236730584,
            "MAE": 0.06621051979175124,
            "R2": 0.9835736559033217
        }
    },
    "cancer": {
        "BART": {
            "train_time": 10.969874858856201,
            "Accuracy": 0.9824561403508771,
            "F1-score": 0.9861751152073732
        },
        "BARTOnTables": {
            "train_time": 7.699486017227173,
            "Accuracy": 0.9883040935672515,
            "F1-score": 0.9908256880733946
        }
    },
    "csgo": {
        "BART": {
            "train_time": 69.73593401908875,
            "Accuracy": 0.6354745498999778,
            "F1-score": 0.6567601506906655
        },
        "BARTOnTables": {
            "train_time": 54.559162855148315,
            "Accuracy": 0.6301400311180262,
            "F1-score": 0.6511530398322851
        }
    },
    "california": {
        "BART": {
            "train_time": 37.708237171173096,
            "RMSE": 0.618830121647216,
            "MAE": 0.4476010708206079,
            "R2": 0.7082369390633387
        },
        "BARTOnTables": {
            "train_time": 39.788224935531616,
            "RMSE": 0.6566144925973718,
            "MAE": 0.4833290124602908,
            "R2": 0.6715204439679903
        }
    },
    "moons": {
        "BART": {
            "train_time": 9.511655330657959,
            "Accuracy": 0.9666666666666667,
            "F1-score": 0.9629629629629629
        },
        "BARTOnTables": {
            "train_time": 6.576547622680664,
            "Accuracy": 0.9666666666666667,
            "F1-score": 0.9629629629629629
        }
    },
    "diabetes": {
        "BART": {
            "train_time": 9.219610929489136,
            "RMSE": 50.94372466603158,
            "MAE": 39.91804863413146,
            "R2": 0.5192450676539846
        },
        "BARTOnTables": {
            "train_time": 6.964285850524902,
            "RMSE": 50.839012592850956,
            "MAE": 40.08472586320164,
            "R2": 0.5212193681019185
        }
    },
    "raisin": {
        "BART": {
            "train_time": 12.008397817611694,
            "Accuracy": 0.8592592592592593,
            "F1-score": 0.8538461538461538
        },
        "BARTOnTables": {
            "train_time": 8.509533882141113,
            "Accuracy": 0.8555555555555555,
            "F1-score": 0.8505747126436781
        }
    }
}
