{
    "model_params": {
        "chains": 2,
        "draws": 250,
        "tune": 25,
        "m": 100
    },
    "friedman": {
        "BART": {
            "train_time": 10.00834608078003,
            "RMSE": 1.1758903900539608,
            "MAE": 0.9612785726563451,
            "R2": 0.9375012940773246
        },
        "BARTOnTables": {
            "train_time": 7.80238676071167,
            "RMSE": 1.4235024155974723,
            "MAE": 1.1680085959087285,
            "R2": 0.9084087977416963
        }
    },
    "sin": {
        "BART": {
            "train_time": 11.002713203430176,
            "RMSE": 0.09944021438620967,
            "MAE": 0.07729087368867636,
            "R2": 0.9801239070609541
        },
        "BARTOnTables": {
            "train_time": 6.604224920272827,
            "RMSE": 0.09148631292630217,
            "MAE": 0.0677889598704772,
            "R2": 0.9831763910495491
        }
    },
    "cancer": {
        "BART": {
            "train_time": 10.887917041778564,
            "Accuracy": 0.9941520467836257,
            "F1-score": 0.9953917050691244
        },
        "BARTOnTables": {
            "train_time": 7.695595741271973,
            "Accuracy": 0.9824561403508771,
            "F1-score": 0.9861751152073732
        }
    },
    "csgo": {
        "BART": {
            "train_time": 72.92006993293762,
            "Accuracy": 0.6416981551455879,
            "F1-score": 0.6840454723637789
        },
        "BARTOnTables": {
            "train_time": 54.856919050216675,
            "Accuracy": 0.6365859079795511,
            "F1-score": 0.6775783869059357
        }
    },
    "california": {
        "BART": {
            "train_time": 37.75304198265076,
            "RMSE": 0.6164250435308591,
            "MAE": 0.4460502220103411,
            "R2": 0.7105004014506594
        },
        "BARTOnTables": {
            "train_time": 39.447007179260254,
            "RMSE": 0.6478575412326404,
            "MAE": 0.47501594351585635,
            "R2": 0.680223567086969
        }
    },
    "moons": {
        "BART": {
            "train_time": 9.483263969421387,
            "Accuracy": 0.9666666666666667,
            "F1-score": 0.9629629629629629
        },
        "BARTOnTables": {
            "train_time": 6.534940958023071,
            "Accuracy": 0.9666666666666667,
            "F1-score": 0.9629629629629629
        }
    },
    "diabetes": {
        "BART": {
            "train_time": 9.147738218307495,
            "RMSE": 51.105337814411456,
            "MAE": 40.25322097148779,
            "R2": 0.516189949086436
        },
        "BARTOnTables": {
            "train_time": 6.9516589641571045,
            "RMSE": 51.023368341562225,
            "MAE": 40.10080739869725,
            "R2": 0.5177407010212339
        }
    },
    "raisin": {
        "BART": {
            "train_time": 11.993107080459595,
            "Accuracy": 0.8592592592592593,
            "F1-score": 0.8538461538461538
        },
        "BARTOnTables": {
            "train_time": 8.54697299003601,
            "Accuracy": 0.8592592592592593,
            "F1-score": 0.8538461538461538
        }
    }
}
