{
    "model_params": {
        "chains": 2,
        "draws": 250,
        "tune": 25,
        "m": 100
    },
    "friedman": {
        "BART": {
            "train_time": 10.085153818130493,
            "RMSE": 1.2498752117049483,
            "MAE": 1.0215801758397762,
            "R2": 0.9293892779130352
        },
        "BARTOnTables": {
            "train_time": 7.7483811378479,
            "RMSE": 1.4265802867656614,
            "MAE": 1.1783407999297832,
            "R2": 0.9080122958692175
        }
    },
    "sin": {
        "BART": {
            "train_time": 11.000066757202148,
            "RMSE": 0.09813973670619192,
            "MAE": 0.0717623124431804,
            "R2": 0.9806403860889232
        },
        "BARTOnTables": {
            "train_time": 6.555697917938232,
            "RMSE": 0.09558795698356147,
            "MAE": 0.07154669029930806,
            "R2": 0.9816340552355955
        }
    },
    "cancer": {
        "BART": {
            "train_time": 10.90416669845581,
            "Accuracy": 0.9883040935672515,
            "F1-score": 0.9907407407407407
        },
        "BARTOnTables": {
            "train_time": 7.697602033615112,
            "Accuracy": 0.9883040935672515,
            "F1-score": 0.9908256880733946
        }
    },
    "csgo": {
        "BART": {
            "train_time": 72.23210310935974,
            "Accuracy": 0.6356968215158925,
            "F1-score": 0.6540004222081486
        },
        "BARTOnTables": {
            "train_time": 55.947531938552856,
            "Accuracy": 0.6325850188930874,
            "F1-score": 0.6525120874500736
        }
    },
    "california": {
        "BART": {
            "train_time": 38.02912878990173,
            "RMSE": 0.6199626204935491,
            "MAE": 0.4484047171981345,
            "R2": 0.7071680716489502
        },
        "BARTOnTables": {
            "train_time": 39.76120090484619,
            "RMSE": 0.6530260671897594,
            "MAE": 0.4788129008886229,
            "R2": 0.6751009421421812
        }
    },
    "moons": {
        "BART": {
            "train_time": 9.517140865325928,
            "Accuracy": 0.9666666666666667,
            "F1-score": 0.9629629629629629
        },
        "BARTOnTables": {
            "train_time": 6.594308853149414,
            "Accuracy": 0.9666666666666667,
            "F1-score": 0.9629629629629629
        }
    },
    "diabetes": {
        "BART": {
            "train_time": 9.360763788223267,
            "RMSE": 50.743666042352714,
            "MAE": 40.086050906181455,
            "R2": 0.5230135522102461
        },
        "BARTOnTables": {
            "train_time": 6.958434104919434,
            "RMSE": 51.17462478141405,
            "MAE": 40.507692051272926,
            "R2": 0.5148771916991233
        }
    },
    "raisin": {
        "BART": {
            "train_time": 11.98903226852417,
            "Accuracy": 0.8555555555555555,
            "F1-score": 0.8505747126436781
        },
        "BARTOnTables": {
            "train_time": 8.544159889221191,
            "Accuracy": 0.8555555555555555,
            "F1-score": 0.8505747126436781
        }
    }
}
