{
    "model_params": {
        "chains": 2,
        "draws": 250,
        "tune": 25,
        "m": 100
    },
    "friedman": {
        "BART": {
            "train_time": 10.022861957550049,
            "RMSE": 1.19169098576625,
            "MAE": 0.977337170993416,
            "R2": 0.9358104026634905
        },
        "BARTOnTables": {
            "train_time": 7.784579038619995,
            "RMSE": 1.4657216656236185,
            "MAE": 1.211031310594924,
            "R2": 0.9028952761058072
        }
    },
    "sin": {
        "BART": {
            "train_time": 11.109868049621582,
            "RMSE": 0.09964193054175445,
            "MAE": 0.0743736641450003,
            "R2": 0.9800431872922858
        },
        "BARTOnTables": {
            "train_time": 6.570808172225952,
            "RMSE": 0.11915679078058988,
            "MAE": 0.07990354111275508,
            "R2": 0.9714606215293884
        }
    },
    "cancer": {
        "BART": {
            "train_time": 10.978099822998047,
            "Accuracy": 0.9824561403508771,
            "F1-score": 0.9861751152073732
        },
        "BARTOnTables": {
            "train_time": 7.695433855056763,
            "Accuracy": 0.9883040935672515,
            "F1-score": 0.9908256880733946
        }
    },
    "csgo": {
        "BART": {
            "train_time": 72.04037809371948,
            "Accuracy": 0.6356968215158925,
            "F1-score": 0.6746079015286877
        },
        "BARTOnTables": {
            "train_time": 55.17326283454895,
            "Accuracy": 0.6365859079795511,
            "F1-score": 0.660436137071651
        }
    },
    "california": {
        "BART": {
            "train_time": 37.8368022441864,
            "RMSE": 0.6202932966145489,
            "MAE": 0.4482170488613371,
            "R2": 0.706855606518723
        },
        "BARTOnTables": {
            "train_time": 39.62431812286377,
            "RMSE": 0.6541332029540381,
            "MAE": 0.47969788946666386,
            "R2": 0.6739983451480253
        }
    },
    "moons": {
        "BART": {
            "train_time": 9.45177173614502,
            "Accuracy": 0.9666666666666667,
            "F1-score": 0.9629629629629629
        },
        "BARTOnTables": {
            "train_time": 6.5857627391815186,
            "Accuracy": 0.9666666666666667,
            "F1-score": 0.9629629629629629
        }
    },
    "diabetes": {
        "BART": {
            "train_time": 9.125532865524292,
            "RMSE": 50.77346809844164,
            "MAE": 40.023805298238095,
            "R2": 0.522453113743397
        },
        "BARTOnTables": {
            "train_time": 6.9771058559417725,
            "RMSE": 50.68743370757322,
            "MAE": 39.95104537870224,
            "R2": 0.5240701254568589
        }
    },
    "raisin": {
        "BART": {
            "train_time": 11.96491813659668,
            "Accuracy": 0.8592592592592593,
            "F1-score": 0.8538461538461538
        },
        "BARTOnTables": {
            "train_time": 8.543218851089478,
            "Accuracy": 0.8629629629629629,
            "F1-score": 0.8582375478927203
        }
    }
}
