{
    "model_params": {
        "chains": 2,
        "draws": 250,
        "tune": 25,
        "m": 150
    },
    "friedman": {
        "BART": {
            "train_time": 14.14476203918457,
            "RMSE": 1.1101214696123536,
            "MAE": 0.9066658047216621,
            "R2": 0.9442970306426528
        },
        "BARTOnTables": {
            "train_time": 10.368222951889038,
            "RMSE": 1.228747490572434,
            "MAE": 1.008658592475447,
            "R2": 0.9317562897074952
        }
    },
    "sin": {
        "BART": {
            "train_time": 15.14211392402649,
            "RMSE": 0.10865913229880433,
            "MAE": 0.08001609170397533,
            "R2": 0.9762677245589365
        },
        "BARTOnTables": {
            "train_time": 8.195178031921387,
            "RMSE": 0.09007742420995428,
            "MAE": 0.06551301958530037,
            "R2": 0.9836905681360802
        }
    },
    "cancer": {
        "BART": {
            "train_time": 15.073976039886475,
            "Accuracy": 0.9824561403508771,
            "F1-score": 0.9861751152073732
        },
        "BARTOnTables": {
            "train_time": 10.25611686706543,
            "Accuracy": 0.9883040935672515,
            "F1-score": 0.9907407407407407
        }
    },
    "csgo": {
        "BART": {
            "train_time": 106.57788896560669,
            "Accuracy": 0.6399199822182707,
            "F1-score": 0.6721974908943747
        },
        "BARTOnTables": {
            "train_time": 77.60708284378052,
            "Accuracy": 0.6354745498999778,
            "F1-score": 0.654300168634064
        }
    },
    "california": {
        "BART": {
            "train_time": 52.38507294654846,
            "RMSE": 0.6016459514328532,
            "MAE": 0.43275671750541006,
            "R2": 0.724215779220305
        },
        "BARTOnTables": {
            "train_time": 60.70681691169739,
            "RMSE": 0.6345129918687167,
            "MAE": 0.4633025506944239,
            "R2": 0.6932613834401125
        }
    },
    "moons": {
        "BART": {
            "train_time": 12.704332113265991,
            "Accuracy": 0.9666666666666667,
            "F1-score": 0.9629629629629629
        },
        "BARTOnTables": {
            "train_time": 8.267496109008789,
            "Accuracy": 0.9666666666666667,
            "F1-score": 0.9629629629629629
        }
    },
    "diabetes": {
        "BART": {
            "train_time": 12.13001799583435,
            "RMSE": 50.97748573195721,
            "MAE": 40.04287111674452,
            "R2": 0.518607651475574
        },
        "BARTOnTables": {
            "train_time": 8.713490962982178,
            "RMSE": 50.890073919801594,
            "MAE": 39.95494351640579,
            "R2": 0.5202571365330764
        }
    },
    "raisin": {
        "BART": {
            "train_time": 16.286416053771973,
            "Accuracy": 0.8555555555555555,
            "F1-score": 0.8505747126436781
        },
        "BARTOnTables": {
            "train_time": 11.184885025024414,
            "Accuracy": 0.8592592592592593,
            "F1-score": 0.8538461538461538
        }
    }
}
