{
    "model_params": {
        "chains": 2,
        "draws": 250,
        "tune": 25,
        "m": 150
    },
    "friedman": {
        "BART": {
            "train_time": 13.450798749923706,
            "RMSE": 1.1246860118908366,
            "MAE": 0.9190383362518719,
            "R2": 0.942825821889978
        },
        "BARTOnTables": {
            "train_time": 9.985126256942749,
            "RMSE": 1.2245554098467282,
            "MAE": 1.0069666020654124,
            "R2": 0.9322211453985918
        }
    },
    "sin": {
        "BART": {
            "train_time": 14.894320964813232,
            "RMSE": 0.0959621026007454,
            "MAE": 0.07255761250702253,
            "R2": 0.9814899997275257
        },
        "BARTOnTables": {
            "train_time": 8.271214723587036,
            "RMSE": 0.08843599639065985,
            "MAE": 0.06507314428223611,
            "R2": 0.9842795468188767
        }
    },
    "cancer": {
        "BART": {
            "train_time": 14.747127056121826,
            "Accuracy": 0.9883040935672515,
            "F1-score": 0.9907407407407407
        },
        "BARTOnTables": {
            "train_time": 9.97263789176941,
            "Accuracy": 0.9824561403508771,
            "F1-score": 0.9861751152073732
        }
    },
    "csgo": {
        "BART": {
            "train_time": 104.57185792922974,
            "Accuracy": 0.6390308957546121,
            "F1-score": 0.6687066503467972
        },
        "BARTOnTables": {
            "train_time": 77.51146006584167,
            "Accuracy": 0.6296954878861969,
            "F1-score": 0.6653274407392528
        }
    },
    "california": {
        "BART": {
            "train_time": 52.3469398021698,
            "RMSE": 0.6006069614587581,
            "MAE": 0.43157993242772696,
            "R2": 0.725167467260453
        },
        "BARTOnTables": {
            "train_time": 60.690863847732544,
            "RMSE": 0.6309793970939381,
            "MAE": 0.4604514346457385,
            "R2": 0.6966683172675354
        }
    },
    "moons": {
        "BART": {
            "train_time": 12.843106985092163,
            "Accuracy": 0.9666666666666667,
            "F1-score": 0.9629629629629629
        },
        "BARTOnTables": {
            "train_time": 8.292075157165527,
            "Accuracy": 0.9666666666666667,
            "F1-score": 0.9629629629629629
        }
    },
    "diabetes": {
        "BART": {
            "train_time": 12.110817193984985,
            "RMSE": 50.42834450137496,
            "MAE": 39.75468495914987,
            "R2": 0.528923129002756
        },
        "BARTOnTables": {
            "train_time": 8.752704858779907,
            "RMSE": 50.47327584606586,
            "MAE": 39.540402760662325,
            "R2": 0.5280833018414166
        }
    },
    "raisin": {
        "BART": {
            "train_time": 16.42480778694153,
            "Accuracy": 0.8555555555555555,
            "F1-score": 0.8505747126436781
        },
        "BARTOnTables": {
            "train_time": 11.219162225723267,
            "Accuracy": 0.8555555555555555,
            "F1-score": 0.8505747126436781
        }
    }
}
