{
    "model_params": {
        "chains": 2,
        "draws": 250,
        "tune": 25,
        "m": 150
    },
    "friedman": {
        "BART": {
            "train_time": 13.463032007217407,
            "RMSE": 1.0901664264634283,
            "MAE": 0.8840532996311784,
            "R2": 0.9462816148164905
        },
        "BARTOnTables": {
            "train_time": 9.944889307022095,
            "RMSE": 1.2511791669542793,
            "MAE": 1.0121124798391132,
            "R2": 0.9292418691967078
        }
    },
    "sin": {
        "BART": {
            "train_time": 14.973412036895752,
            "RMSE": 0.10597094089668906,
            "MAE": 0.08029153467901326,
            "R2": 0.9774274566542119
        },
        "BARTOnTables": {
            "train_time": 8.214026927947998,
            "RMSE": 0.09454596780328799,
            "MAE": 0.0700980430502345,
            "R2": 0.9820322813510345
        }
    },
    "cancer": {
        "BART": {
            "train_time": 14.778259038925171,
            "Accuracy": 0.9824561403508771,
            "F1-score": 0.9861751152073732
        },
        "BARTOnTables": {
            "train_time": 9.980990886688232,
            "Accuracy": 0.9824561403508771,
            "F1-score": 0.9861751152073732
        }
    },
    "csgo": {
        "BART": {
            "train_time": 105.1278703212738,
            "Accuracy": 0.6339186485885753,
            "F1-score": 0.6534820113612455
        },
        "BARTOnTables": {
            "train_time": 76.2835750579834,
            "Accuracy": 0.6430317848410758,
            "F1-score": 0.6789284286285486
        }
    },
    "california": {
        "BART": {
            "train_time": 52.274620056152344,
            "RMSE": 0.598067178917174,
            "MAE": 0.4297045280855761,
            "R2": 0.7274869176426937
        },
        "BARTOnTables": {
            "train_time": 61.0768780708313,
            "RMSE": 0.6321057423089684,
            "MAE": 0.46127630383617324,
            "R2": 0.6955844114162225
        }
    },
    "moons": {
        "BART": {
            "train_time": 12.758790969848633,
            "Accuracy": 0.9666666666666667,
            "F1-score": 0.9629629629629629
        },
        "BARTOnTables": {
            "train_time": 8.294284105300903,
            "Accuracy": 0.9666666666666667,
            "F1-score": 0.9629629629629629
        }
    },
    "diabetes": {
        "BART": {
            "train_time": 12.172353029251099,
            "RMSE": 50.81772473492774,
            "MAE": 39.8466786828446,
            "R2": 0.521620244501825
        },
        "BARTOnTables": {
            "train_time": 8.642613887786865,
            "RMSE": 50.91942336782155,
            "MAE": 40.19275644743982,
            "R2": 0.5197036200089393
        }
    },
    "raisin": {
        "BART": {
            "train_time": 16.282572746276855,
            "Accuracy": 0.8592592592592593,
            "F1-score": 0.8538461538461538
        },
        "BARTOnTables": {
            "train_time": 11.18450379371643,
            "Accuracy": 0.8629629629629629,
            "F1-score": 0.8571428571428571
        }
    }
}
