{
    "model_params": {
        "chains": 2,
        "draws": 250,
        "tune": 25,
        "m": 150
    },
    "friedman": {
        "BART": {
            "train_time": 13.578815221786499,
            "RMSE": 1.0996844276524385,
            "MAE": 0.8970684619009952,
            "R2": 0.9453395134481543
        },
        "BARTOnTables": {
            "train_time": 9.97236704826355,
            "RMSE": 1.240631205668444,
            "MAE": 1.0190804928908788,
            "R2": 0.9304298812838998
        }
    },
    "sin": {
        "BART": {
            "train_time": 14.97826099395752,
            "RMSE": 0.10276042682335897,
            "MAE": 0.07764723965389693,
            "R2": 0.9787744616664946
        },
        "BARTOnTables": {
            "train_time": 8.1877601146698,
            "RMSE": 0.08510320430010392,
            "MAE": 0.06196463106540434,
            "R2": 0.9854420997343815
        }
    },
    "cancer": {
        "BART": {
            "train_time": 14.895663976669312,
            "Accuracy": 0.9824561403508771,
            "F1-score": 0.9861751152073732
        },
        "BARTOnTables": {
            "train_time": 9.952518939971924,
            "Accuracy": 0.9824561403508771,
            "F1-score": 0.9861751152073732
        }
    },
    "csgo": {
        "BART": {
            "train_time": 102.63321590423584,
            "Accuracy": 0.6416981551455879,
            "F1-score": 0.6810447170557974
        },
        "BARTOnTables": {
            "train_time": 78.65029001235962,
            "Accuracy": 0.6299177595021116,
            "F1-score": 0.6471710108073745
        }
    },
    "california": {
        "BART": {
            "train_time": 52.218053102493286,
            "RMSE": 0.6018228750083997,
            "MAE": 0.4325285933389812,
            "R2": 0.7240535578858367
        },
        "BARTOnTables": {
            "train_time": 62.91576409339905,
            "RMSE": 0.6377365664688032,
            "MAE": 0.46480171858268227,
            "R2": 0.6901367616957461
        }
    },
    "moons": {
        "BART": {
            "train_time": 12.73382306098938,
            "Accuracy": 0.9666666666666667,
            "F1-score": 0.9629629629629629
        },
        "BARTOnTables": {
            "train_time": 8.53275203704834,
            "Accuracy": 0.9666666666666667,
            "F1-score": 0.9629629629629629
        }
    },
    "diabetes": {
        "BART": {
            "train_time": 12.324493885040283,
            "RMSE": 50.402683927318456,
            "MAE": 39.42604814537568,
            "R2": 0.5294024240311823
        },
        "BARTOnTables": {
            "train_time": 8.925037145614624,
            "RMSE": 50.61271673375051,
            "MAE": 39.91554666266775,
            "R2": 0.5254722020005862
        }
    },
    "raisin": {
        "BART": {
            "train_time": 16.55014991760254,
            "Accuracy": 0.8629629629629629,
            "F1-score": 0.8571428571428571
        },
        "BARTOnTables": {
            "train_time": 11.458266973495483,
            "Accuracy": 0.8629629629629629,
            "F1-score": 0.8571428571428571
        }
    }
}
