{
    "model_params": {
        "chains": 2,
        "draws": 250,
        "tune": 25,
        "m": 150
    },
    "friedman": {
        "BART": {
            "train_time": 13.683702945709229,
            "RMSE": 1.0873990408884389,
            "MAE": 0.8870343843707408,
            "R2": 0.9465539967111142
        },
        "BARTOnTables": {
            "train_time": 10.043621063232422,
            "RMSE": 1.2559654623741832,
            "MAE": 1.0222068980834915,
            "R2": 0.9286994735049676
        }
    },
    "sin": {
        "BART": {
            "train_time": 14.963495969772339,
            "RMSE": 0.10025920896757487,
            "MAE": 0.07342785867466685,
            "R2": 0.9797951578235099
        },
        "BARTOnTables": {
            "train_time": 8.21884298324585,
            "RMSE": 0.09095917560777815,
            "MAE": 0.06651378153277865,
            "R2": 0.9833697052718661
        }
    },
    "cancer": {
        "BART": {
            "train_time": 14.944090843200684,
            "Accuracy": 0.9824561403508771,
            "F1-score": 0.9861751152073732
        },
        "BARTOnTables": {
            "train_time": 10.087715864181519,
            "Accuracy": 0.9883040935672515,
            "F1-score": 0.9908256880733946
        }
    },
    "csgo": {
        "BART": {
            "train_time": 105.56911396980286,
            "Accuracy": 0.6403645254501,
            "F1-score": 0.6599411517444305
        },
        "BARTOnTables": {
            "train_time": 78.97576189041138,
            "Accuracy": 0.6416981551455879,
            "F1-score": 0.6694011484823625
        }
    },
    "california": {
        "BART": {
            "train_time": 52.5886709690094,
            "RMSE": 0.601749472444909,
            "MAE": 0.4327207503203644,
            "R2": 0.7241208665304439
        },
        "BARTOnTables": {
            "train_time": 62.75136423110962,
            "RMSE": 0.634704036092881,
            "MAE": 0.4632226759519443,
            "R2": 0.6930766450226276
        }
    },
    "moons": {
        "BART": {
            "train_time": 12.8086678981781,
            "Accuracy": 0.9666666666666667,
            "F1-score": 0.9629629629629629
        },
        "BARTOnTables": {
            "train_time": 8.300204038619995,
            "Accuracy": 0.9666666666666667,
            "F1-score": 0.9629629629629629
        }
    },
    "diabetes": {
        "BART": {
            "train_time": 12.106153964996338,
            "RMSE": 50.808861625737386,
            "MAE": 39.84865472983568,
            "R2": 0.5217870981847359
        },
        "BARTOnTables": {
            "train_time": 8.646659135818481,
            "RMSE": 50.441534400362265,
            "MAE": 39.75289794285798,
            "R2": 0.5286766696358096
        }
    },
    "raisin": {
        "BART": {
            "train_time": 16.22973394393921,
            "Accuracy": 0.8555555555555555,
            "F1-score": 0.8505747126436781
        },
        "BARTOnTables": {
            "train_time": 11.132440090179443,
            "Accuracy": 0.8592592592592593,
            "F1-score": 0.8538461538461538
        }
    }
}
