{
    "model_params": {
        "chains": 2,
        "draws": 250,
        "tune": 25,
        "m": 150
    },
    "friedman": {
        "BART": {
            "train_time": 13.427905082702637,
            "RMSE": 1.1550771419484638,
            "MAE": 0.9505081319540026,
            "R2": 0.939694166815429
        },
        "BARTOnTables": {
            "train_time": 9.860836267471313,
            "RMSE": 1.2510656193404044,
            "MAE": 1.0171526670215807,
            "R2": 0.9292547115658194
        }
    },
    "sin": {
        "BART": {
            "train_time": 14.844384908676147,
            "RMSE": 0.10635888155178694,
            "MAE": 0.08050529945477151,
            "R2": 0.977261886060408
        },
        "BARTOnTables": {
            "train_time": 8.193827867507935,
            "RMSE": 0.08672339235500291,
            "MAE": 0.0647588582391728,
            "R2": 0.9848825190320406
        }
    },
    "cancer": {
        "BART": {
            "train_time": 14.794558048248291,
            "Accuracy": 0.9883040935672515,
            "F1-score": 0.9908256880733946
        },
        "BARTOnTables": {
            "train_time": 9.926054954528809,
            "Accuracy": 0.9824561403508771,
            "F1-score": 0.9861751152073732
        }
    },
    "csgo": {
        "BART": {
            "train_time": 105.13816809654236,
            "Accuracy": 0.6330295621249167,
            "F1-score": 0.6359426681367144
        },
        "BARTOnTables": {
            "train_time": 77.84979176521301,
            "Accuracy": 0.6376972660591242,
            "F1-score": 0.6625258799171843
        }
    },
    "california": {
        "BART": {
            "train_time": 52.4257378578186,
            "RMSE": 0.6082681492882542,
            "MAE": 0.4387817237119843,
            "R2": 0.7181113634273584
        },
        "BARTOnTables": {
            "train_time": 62.9760582447052,
            "RMSE": 0.6316879808763989,
            "MAE": 0.46045820510568963,
            "R2": 0.6959866576204544
        }
    },
    "moons": {
        "BART": {
            "train_time": 12.858377933502197,
            "Accuracy": 0.9666666666666667,
            "F1-score": 0.9629629629629629
        },
        "BARTOnTables": {
            "train_time": 8.279927968978882,
            "Accuracy": 0.9666666666666667,
            "F1-score": 0.9629629629629629
        }
    },
    "diabetes": {
        "BART": {
            "train_time": 12.154300928115845,
            "RMSE": 50.88011746067124,
            "MAE": 39.74491946848242,
            "R2": 0.5204448380862042
        },
        "BARTOnTables": {
            "train_time": 8.77530288696289,
            "RMSE": 50.769907297768455,
            "MAE": 39.91123415246751,
            "R2": 0.5225200931998151
        }
    },
    "raisin": {
        "BART": {
            "train_time": 16.659042835235596,
            "Accuracy": 0.8555555555555555,
            "F1-score": 0.8505747126436781
        },
        "BARTOnTables": {
            "train_time": 11.315970182418823,
            "Accuracy": 0.8592592592592593,
            "F1-score": 0.8538461538461538
        }
    }
}
