{
    "model_params": {
        "chains": 2,
        "draws": 250,
        "tune": 25,
        "m": 150
    },
    "friedman": {
        "BART": {
            "train_time": 13.649043083190918,
            "RMSE": 1.1082534914312043,
            "MAE": 0.907176587712723,
            "R2": 0.9444843333680322
        },
        "BARTOnTables": {
            "train_time": 9.905004024505615,
            "RMSE": 1.257907953284327,
            "MAE": 1.0243712658219974,
            "R2": 0.9284787544930164
        }
    },
    "sin": {
        "BART": {
            "train_time": 14.7880539894104,
            "RMSE": 0.10411656158693108,
            "MAE": 0.07730175338598062,
            "R2": 0.9782105358860599
        },
        "BARTOnTables": {
            "train_time": 8.16211724281311,
            "RMSE": 0.09107216250981008,
            "MAE": 0.0705290897001518,
            "R2": 0.9833283642528377
        }
    },
    "cancer": {
        "BART": {
            "train_time": 14.7885422706604,
            "Accuracy": 0.9824561403508771,
            "F1-score": 0.9861751152073732
        },
        "BARTOnTables": {
            "train_time": 9.9892258644104,
            "Accuracy": 0.9883040935672515,
            "F1-score": 0.9908256880733946
        }
    },
    "csgo": {
        "BART": {
            "train_time": 105.37986087799072,
            "Accuracy": 0.6388086241386974,
            "F1-score": 0.6596858638743456
        },
        "BARTOnTables": {
            "train_time": 78.09099698066711,
            "Accuracy": 0.6336963769726606,
            "F1-score": 0.6501061571125265
        }
    },
    "california": {
        "BART": {
            "train_time": 52.234174966812134,
            "RMSE": 0.5955852150042132,
            "MAE": 0.42720510157065295,
            "R2": 0.7297440693660544
        },
        "BARTOnTables": {
            "train_time": 60.56253480911255,
            "RMSE": 0.6368305221833176,
            "MAE": 0.4652942517676939,
            "R2": 0.6910165932683331
        }
    },
    "moons": {
        "BART": {
            "train_time": 12.758878231048584,
            "Accuracy": 0.9666666666666667,
            "F1-score": 0.9629629629629629
        },
        "BARTOnTables": {
            "train_time": 8.305134773254395,
            "Accuracy": 0.9666666666666667,
            "F1-score": 0.9629629629629629
        }
    },
    "diabetes": {
        "BART": {
            "train_time": 12.29776930809021,
            "RMSE": 50.65074608741723,
            "MAE": 39.899623774614284,
            "R2": 0.5247588332541184
        },
        "BARTOnTables": {
            "train_time": 8.770981788635254,
            "RMSE": 50.66893706080791,
            "MAE": 39.918392208945534,
            "R2": 0.5244174107674061
        }
    },
    "raisin": {
        "BART": {
            "train_time": 16.387003898620605,
            "Accuracy": 0.8592592592592593,
            "F1-score": 0.8538461538461538
        },
        "BARTOnTables": {
            "train_time": 11.16370701789856,
            "Accuracy": 0.8555555555555555,
            "F1-score": 0.8505747126436781
        }
    }
}
