{
    "model_params": {
        "chains": 2,
        "draws": 250,
        "tune": 25,
        "m": 150
    },
    "friedman": {
        "BART": {
            "train_time": 13.458408832550049,
            "RMSE": 1.1408503464618713,
            "MAE": 0.9277008359849123,
            "R2": 0.9411705619287664
        },
        "BARTOnTables": {
            "train_time": 9.938766241073608,
            "RMSE": 1.2954422097390192,
            "MAE": 1.0530253423901486,
            "R2": 0.924146883272168
        }
    },
    "sin": {
        "BART": {
            "train_time": 14.928858041763306,
            "RMSE": 0.1039676520009909,
            "MAE": 0.0752707382729127,
            "R2": 0.9782728187686449
        },
        "BARTOnTables": {
            "train_time": 8.250701189041138,
            "RMSE": 0.08865330984304477,
            "MAE": 0.062374940779288714,
            "R2": 0.9842021922690917
        }
    },
    "cancer": {
        "BART": {
            "train_time": 14.785346984863281,
            "Accuracy": 0.9883040935672515,
            "F1-score": 0.9908256880733946
        },
        "BARTOnTables": {
            "train_time": 9.998089075088501,
            "Accuracy": 0.9941520467836257,
            "F1-score": 0.9953917050691244
        }
    },
    "csgo": {
        "BART": {
            "train_time": 103.1472110748291,
            "Accuracy": 0.6425872416092465,
            "F1-score": 0.6839622641509434
        },
        "BARTOnTables": {
            "train_time": 77.58963990211487,
            "Accuracy": 0.6443654145365637,
            "F1-score": 0.671727533853098
        }
    },
    "california": {
        "BART": {
            "train_time": 52.32284593582153,
            "RMSE": 0.5936312672466124,
            "MAE": 0.42483589227812607,
            "R2": 0.7315144281268744
        },
        "BARTOnTables": {
            "train_time": 62.29637122154236,
            "RMSE": 0.6329227530004736,
            "MAE": 0.4617834589229965,
            "R2": 0.6947969750555554
        }
    },
    "moons": {
        "BART": {
            "train_time": 12.919116020202637,
            "Accuracy": 0.9666666666666667,
            "F1-score": 0.9629629629629629
        },
        "BARTOnTables": {
            "train_time": 8.382025957107544,
            "Accuracy": 0.9666666666666667,
            "F1-score": 0.9629629629629629
        }
    },
    "diabetes": {
        "BART": {
            "train_time": 12.32574200630188,
            "RMSE": 50.47672628025972,
            "MAE": 39.58972928305946,
            "R2": 0.5280187776692924
        },
        "BARTOnTables": {
            "train_time": 8.86328125,
            "RMSE": 50.862421321707295,
            "MAE": 39.91370806722118,
            "R2": 0.5207783592903026
        }
    },
    "raisin": {
        "BART": {
            "train_time": 16.440125942230225,
            "Accuracy": 0.8555555555555555,
            "F1-score": 0.8505747126436781
        },
        "BARTOnTables": {
            "train_time": 11.282490730285645,
            "Accuracy": 0.8555555555555555,
            "F1-score": 0.8494208494208494
        }
    }
}
