{
    "model_params": {
        "chains": 2,
        "draws": 250,
        "tune": 25,
        "m": 150
    },
    "friedman": {
        "BART": {
            "train_time": 13.446276903152466,
            "RMSE": 1.1099477488301341,
            "MAE": 0.9043145871668544,
            "R2": 0.9443144629805086
        },
        "BARTOnTables": {
            "train_time": 10.203665256500244,
            "RMSE": 1.1900270473868777,
            "MAE": 0.9655470453934056,
            "R2": 0.9359895312614979
        }
    },
    "sin": {
        "BART": {
            "train_time": 15.032304763793945,
            "RMSE": 0.10221953169098419,
            "MAE": 0.07767768102223416,
            "R2": 0.9789973212881927
        },
        "BARTOnTables": {
            "train_time": 8.624495029449463,
            "RMSE": 0.08427869365515013,
            "MAE": 0.06215610097620238,
            "R2": 0.9857228176799625
        }
    },
    "cancer": {
        "BART": {
            "train_time": 15.243800163269043,
            "Accuracy": 0.9824561403508771,
            "F1-score": 0.986046511627907
        },
        "BARTOnTables": {
            "train_time": 10.104590892791748,
            "Accuracy": 0.9883040935672515,
            "F1-score": 0.9907407407407407
        }
    },
    "csgo": {
        "BART": {
            "train_time": 104.24640727043152,
            "Accuracy": 0.6308068459657702,
            "F1-score": 0.6431793770139634
        },
        "BARTOnTables": {
            "train_time": 78.05224990844727,
            "Accuracy": 0.6361413647477218,
            "F1-score": 0.6661227819702223
        }
    },
    "california": {
        "BART": {
            "train_time": 52.75211191177368,
            "RMSE": 0.6018587072779288,
            "MAE": 0.4329082624630374,
            "R2": 0.7240206974477998
        },
        "BARTOnTables": {
            "train_time": 61.70023012161255,
            "RMSE": 0.6337347704070156,
            "MAE": 0.4624677936430078,
            "R2": 0.694013343415645
        }
    },
    "moons": {
        "BART": {
            "train_time": 12.865309000015259,
            "Accuracy": 0.9666666666666667,
            "F1-score": 0.9629629629629629
        },
        "BARTOnTables": {
            "train_time": 8.374454021453857,
            "Accuracy": 0.9666666666666667,
            "F1-score": 0.9629629629629629
        }
    },
    "diabetes": {
        "BART": {
            "train_time": 12.302016019821167,
            "RMSE": 50.61437944830755,
            "MAE": 39.6973486805945,
            "R2": 0.525441023384284
        },
        "BARTOnTables": {
            "train_time": 8.77028203010559,
            "RMSE": 50.85585017099409,
            "MAE": 39.91239493798659,
            "R2": 0.5209021769979523
        }
    },
    "raisin": {
        "BART": {
            "train_time": 16.494811058044434,
            "Accuracy": 0.8592592592592593,
            "F1-score": 0.8538461538461538
        },
        "BARTOnTables": {
            "train_time": 11.229175090789795,
            "Accuracy": 0.8518518518518519,
            "F1-score": 0.8473282442748091
        }
    }
}
