{
    "model_params": {
        "chains": 2,
        "draws": 250,
        "tune": 25,
        "m": 150
    },
    "friedman": {
        "BART": {
            "train_time": 13.55590295791626,
            "RMSE": 1.1402488121502514,
            "MAE": 0.9367473583389327,
            "R2": 0.9412325833782507
        },
        "BARTOnTables": {
            "train_time": 9.947575092315674,
            "RMSE": 1.2287795671351953,
            "MAE": 1.0020728072614746,
            "R2": 0.9317527266447091
        }
    },
    "sin": {
        "BART": {
            "train_time": 15.315796852111816,
            "RMSE": 0.10341740273370384,
            "MAE": 0.07675223192407803,
            "R2": 0.9785021925865627
        },
        "BARTOnTables": {
            "train_time": 8.860054969787598,
            "RMSE": 0.08778872171651346,
            "MAE": 0.06455080450025115,
            "R2": 0.984508824802775
        }
    },
    "cancer": {
        "BART": {
            "train_time": 15.682615041732788,
            "Accuracy": 0.9883040935672515,
            "F1-score": 0.9908256880733946
        },
        "BARTOnTables": {
            "train_time": 11.692748069763184,
            "Accuracy": 0.9766081871345029,
            "F1-score": 0.9814814814814815
        }
    },
    "csgo": {
        "BART": {
            "train_time": 110.61087799072266,
            "Accuracy": 0.6456990442320516,
            "F1-score": 0.6740286298568507
        },
        "BARTOnTables": {
            "train_time": 78.64152193069458,
            "Accuracy": 0.6316959324294288,
            "F1-score": 0.661767707695448
        }
    },
    "california": {
        "BART": {
            "train_time": 54.298330783843994,
            "RMSE": 0.6090064791356478,
            "MAE": 0.4391352297083469,
            "R2": 0.717426622301895
        },
        "BARTOnTables": {
            "train_time": 64.13111209869385,
            "RMSE": 0.6278772452765506,
            "MAE": 0.4577431907103483,
            "R2": 0.6996435897165154
        }
    },
    "moons": {
        "BART": {
            "train_time": 13.118019104003906,
            "Accuracy": 0.9666666666666667,
            "F1-score": 0.9629629629629629
        },
        "BARTOnTables": {
            "train_time": 9.08974289894104,
            "Accuracy": 0.9666666666666667,
            "F1-score": 0.9629629629629629
        }
    },
    "diabetes": {
        "BART": {
            "train_time": 12.524113893508911,
            "RMSE": 50.7186206847543,
            "MAE": 39.62242214266598,
            "R2": 0.5234842847742127
        },
        "BARTOnTables": {
            "train_time": 9.242854833602905,
            "RMSE": 51.195485323206526,
            "MAE": 40.27436627814778,
            "R2": 0.5144816055165022
        }
    },
    "raisin": {
        "BART": {
            "train_time": 17.269975185394287,
            "Accuracy": 0.8592592592592593,
            "F1-score": 0.8538461538461538
        },
        "BARTOnTables": {
            "train_time": 11.500402927398682,
            "Accuracy": 0.8555555555555555,
            "F1-score": 0.8505747126436781
        }
    }
}
