{
    "model_params": {
        "chains": 2,
        "draws": 250,
        "tune": 25,
        "m": 50
    },
    "friedman": {
        "BART": {
            "train_time": 6.797079086303711,
            "RMSE": 1.4314782622337077,
            "MAE": 1.1950628699046164,
            "R2": 0.9073795561903443
        },
        "BARTOnTables": {
            "train_time": 4.144414186477661,
            "RMSE": 1.9181084602834149,
            "MAE": 1.5954421578783309,
            "R2": 0.8337032871703584
        }
    },
    "sin": {
        "BART": {
            "train_time": 5.592868804931641,
            "RMSE": 0.095925381624067,
            "MAE": 0.07262796520561376,
            "R2": 0.9815041631362353
        },
        "BARTOnTables": {
            "train_time": 3.473499059677124,
            "RMSE": 0.09531789164390862,
            "MAE": 0.07421325325833708,
            "R2": 0.9817376875026333
        }
    },
    "cancer": {
        "BART": {
            "train_time": 5.486055850982666,
            "Accuracy": 0.9824561403508771,
            "F1-score": 0.9861751152073732
        },
        "BARTOnTables": {
            "train_time": 4.07752799987793,
            "Accuracy": 0.9941520467836257,
            "F1-score": 0.9953917050691244
        }
    },
    "csgo": {
        "BART": {
            "train_time": 39.66890025138855,
            "Accuracy": 0.6443654145365637,
            "F1-score": 0.6783273019702453
        },
        "BARTOnTables": {
            "train_time": 29.02445101737976,
            "Accuracy": 0.6368081795954657,
            "F1-score": 0.6732
        }
    },
    "california": {
        "BART": {
            "train_time": 23.44920516014099,
            "RMSE": 0.6590607723174173,
            "MAE": 0.4831909879565098,
            "R2": 0.6690683210198487
        },
        "BARTOnTables": {
            "train_time": 23.46611189842224,
            "RMSE": 0.7070456332779436,
            "MAE": 0.5250004683401358,
            "R2": 0.6191251417299142
        }
    },
    "moons": {
        "BART": {
            "train_time": 5.194946765899658,
            "Accuracy": 0.9666666666666667,
            "F1-score": 0.9629629629629629
        },
        "BARTOnTables": {
            "train_time": 3.9069321155548096,
            "Accuracy": 0.9666666666666667,
            "F1-score": 0.9629629629629629
        }
    },
    "diabetes": {
        "BART": {
            "train_time": 4.746883869171143,
            "RMSE": 51.55859866896865,
            "MAE": 40.94898772432349,
            "R2": 0.5075699248797381
        },
        "BARTOnTables": {
            "train_time": 3.7882916927337646,
            "RMSE": 51.17632268889759,
            "MAE": 40.52617761937192,
            "R2": 0.5148449996776004
        }
    },
    "raisin": {
        "BART": {
            "train_time": 6.084127902984619,
            "Accuracy": 0.8555555555555555,
            "F1-score": 0.8494208494208494
        },
        "BARTOnTables": {
            "train_time": 4.633976936340332,
            "Accuracy": 0.8666666666666667,
            "F1-score": 0.8615384615384616
        }
    }
}
