{
    "model_params": {
        "chains": 2,
        "draws": 250,
        "tune": 25,
        "m": 50
    },
    "friedman": {
        "BART": {
            "train_time": 5.350691080093384,
            "RMSE": 1.4412726959912763,
            "MAE": 1.2056319947809448,
            "R2": 0.9061077683909575
        },
        "BARTOnTables": {
            "train_time": 4.254514932632446,
            "RMSE": 1.8886700089592854,
            "MAE": 1.573248622445626,
            "R2": 0.8387686423869376
        }
    },
    "sin": {
        "BART": {
            "train_time": 5.700587034225464,
            "RMSE": 0.09343211439492229,
            "MAE": 0.06778734815301518,
            "R2": 0.9824531457280284
        },
        "BARTOnTables": {
            "train_time": 3.6250860691070557,
            "RMSE": 0.08442937392001958,
            "MAE": 0.0619947310797187,
            "R2": 0.9856717202401478
        }
    },
    "cancer": {
        "BART": {
            "train_time": 5.535489082336426,
            "Accuracy": 0.9824561403508771,
            "F1-score": 0.9861751152073732
        },
        "BARTOnTables": {
            "train_time": 4.2400429248809814,
            "Accuracy": 0.9824561403508771,
            "F1-score": 0.9863013698630136
        }
    },
    "csgo": {
        "BART": {
            "train_time": 36.40341305732727,
            "Accuracy": 0.633474105356746,
            "F1-score": 0.6717101333864225
        },
        "BARTOnTables": {
            "train_time": 29.802348852157593,
            "Accuracy": 0.6356968215158925,
            "F1-score": 0.6762788860359471
        }
    },
    "california": {
        "BART": {
            "train_time": 22.894020080566406,
            "RMSE": 0.651447896316229,
            "MAE": 0.47744840909552455,
            "R2": 0.6766694144518866
        },
        "BARTOnTables": {
            "train_time": 23.477749824523926,
            "RMSE": 0.6975534554048766,
            "MAE": 0.519022981281638,
            "R2": 0.6292830822840751
        }
    },
    "moons": {
        "BART": {
            "train_time": 5.2678399085998535,
            "Accuracy": 0.9666666666666667,
            "F1-score": 0.9629629629629629
        },
        "BARTOnTables": {
            "train_time": 3.8704257011413574,
            "Accuracy": 0.9666666666666667,
            "F1-score": 0.9629629629629629
        }
    },
    "diabetes": {
        "BART": {
            "train_time": 4.776099920272827,
            "RMSE": 51.03087543253705,
            "MAE": 40.376651741626446,
            "R2": 0.517598780529448
        },
        "BARTOnTables": {
            "train_time": 3.751483917236328,
            "RMSE": 50.88588011040445,
            "MAE": 40.44165724226571,
            "R2": 0.52033620370954
        }
    },
    "raisin": {
        "BART": {
            "train_time": 6.129104137420654,
            "Accuracy": 0.8629629629629629,
            "F1-score": 0.8571428571428571
        },
        "BARTOnTables": {
            "train_time": 4.5871922969818115,
            "Accuracy": 0.8592592592592593,
            "F1-score": 0.8549618320610687
        }
    }
}
