{
    "model_params": {
        "chains": 2,
        "draws": 250,
        "tune": 25,
        "m": 50
    },
    "friedman": {
        "BART": {
            "train_time": 5.271744012832642,
            "RMSE": 1.4248796448687182,
            "MAE": 1.1920241588409468,
            "R2": 0.9082314842307719
        },
        "BARTOnTables": {
            "train_time": 4.264241933822632,
            "RMSE": 1.8773676851141392,
            "MAE": 1.5583235529153736,
            "R2": 0.8406925745384541
        }
    },
    "sin": {
        "BART": {
            "train_time": 5.592251300811768,
            "RMSE": 0.1066097652817759,
            "MAE": 0.0746034836011258,
            "R2": 0.9771544883348033
        },
        "BARTOnTables": {
            "train_time": 3.537928819656372,
            "RMSE": 0.08460499524858803,
            "MAE": 0.06078715571543936,
            "R2": 0.9856120498070078
        }
    },
    "cancer": {
        "BART": {
            "train_time": 5.642530202865601,
            "Accuracy": 0.9824561403508771,
            "F1-score": 0.9861751152073732
        },
        "BARTOnTables": {
            "train_time": 4.171589136123657,
            "Accuracy": 0.9824561403508771,
            "F1-score": 0.9863013698630136
        }
    },
    "csgo": {
        "BART": {
            "train_time": 37.06688690185547,
            "Accuracy": 0.639697710602356,
            "F1-score": 0.6788191004557163
        },
        "BARTOnTables": {
            "train_time": 29.192887783050537,
            "Accuracy": 0.6359190931318071,
            "F1-score": 0.6615702479338843
        }
    },
    "california": {
        "BART": {
            "train_time": 22.27369213104248,
            "RMSE": 0.6611696682585622,
            "MAE": 0.4856378321772923,
            "R2": 0.6669470687998735
        },
        "BARTOnTables": {
            "train_time": 23.34836506843567,
            "RMSE": 0.6983707839491943,
            "MAE": 0.5197393354832497,
            "R2": 0.6284138298172461
        }
    },
    "moons": {
        "BART": {
            "train_time": 5.199536085128784,
            "Accuracy": 0.9666666666666667,
            "F1-score": 0.9629629629629629
        },
        "BARTOnTables": {
            "train_time": 3.8764688968658447,
            "Accuracy": 0.9666666666666667,
            "F1-score": 0.9629629629629629
        }
    },
    "diabetes": {
        "BART": {
            "train_time": 4.76118016242981,
            "RMSE": 50.76870906626328,
            "MAE": 40.099471314562464,
            "R2": 0.5225426311458691
        },
        "BARTOnTables": {
            "train_time": 3.7460319995880127,
            "RMSE": 51.66807275858418,
            "MAE": 41.18141810937144,
            "R2": 0.5054765566656545
        }
    },
    "raisin": {
        "BART": {
            "train_time": 6.035567760467529,
            "Accuracy": 0.8629629629629629,
            "F1-score": 0.8582375478927203
        },
        "BARTOnTables": {
            "train_time": 4.570570945739746,
            "Accuracy": 0.8666666666666667,
            "F1-score": 0.8615384615384616
        }
    }
}
