{
    "model_params": {
        "chains": 2,
        "draws": 250,
        "tune": 25,
        "m": 50
    },
    "friedman": {
        "BART": {
            "train_time": 5.283440351486206,
            "RMSE": 1.4437944555480513,
            "MAE": 1.201689369611977,
            "R2": 0.9057789190739052
        },
        "BARTOnTables": {
            "train_time": 4.2449951171875,
            "RMSE": 2.00114577828204,
            "MAE": 1.6695344020219711,
            "R2": 0.8189932390607206
        }
    },
    "sin": {
        "BART": {
            "train_time": 5.560280084609985,
            "RMSE": 0.10713692360161327,
            "MAE": 0.08511419807868219,
            "R2": 0.9769279991983559
        },
        "BARTOnTables": {
            "train_time": 3.5889768600463867,
            "RMSE": 0.0963975103546862,
            "MAE": 0.07148073445588381,
            "R2": 0.9813216482360164
        }
    },
    "cancer": {
        "BART": {
            "train_time": 5.5308449268341064,
            "Accuracy": 0.9824561403508771,
            "F1-score": 0.9861751152073732
        },
        "BARTOnTables": {
            "train_time": 4.119947910308838,
            "Accuracy": 0.9824561403508771,
            "F1-score": 0.9861751152073732
        }
    },
    "csgo": {
        "BART": {
            "train_time": 35.92015194892883,
            "Accuracy": 0.6310291175816848,
            "F1-score": 0.6547420965058236
        },
        "BARTOnTables": {
            "train_time": 28.975112915039062,
            "Accuracy": 0.6172482773949767,
            "F1-score": 0.6611570247933884
        }
    },
    "california": {
        "BART": {
            "train_time": 22.42143201828003,
            "RMSE": 0.6486255940909331,
            "MAE": 0.47363701965587823,
            "R2": 0.6794649102109729
        },
        "BARTOnTables": {
            "train_time": 23.143343925476074,
            "RMSE": 0.7188965794903766,
            "MAE": 0.5365255348403168,
            "R2": 0.6062502860474459
        }
    },
    "moons": {
        "BART": {
            "train_time": 5.212833881378174,
            "Accuracy": 0.9666666666666667,
            "F1-score": 0.9629629629629629
        },
        "BARTOnTables": {
            "train_time": 3.8479549884796143,
            "Accuracy": 0.9666666666666667,
            "F1-score": 0.9629629629629629
        }
    },
    "diabetes": {
        "BART": {
            "train_time": 4.738358020782471,
            "RMSE": 50.510519144781355,
            "MAE": 39.83262187653148,
            "R2": 0.5273866076535041
        },
        "BARTOnTables": {
            "train_time": 3.7410531044006348,
            "RMSE": 51.48621202399084,
            "MAE": 40.91317576517297,
            "R2": 0.5089516667991412
        }
    },
    "raisin": {
        "BART": {
            "train_time": 6.097831964492798,
            "Accuracy": 0.8592592592592593,
            "F1-score": 0.8538461538461538
        },
        "BARTOnTables": {
            "train_time": 4.590587139129639,
            "Accuracy": 0.8629629629629629,
            "F1-score": 0.8571428571428571
        }
    }
}
