{
    "model_params": {
        "chains": 2,
        "draws": 250,
        "tune": 25,
        "m": 50
    },
    "friedman": {
        "BART": {
            "train_time": 5.2745420932769775,
            "RMSE": 1.457263794720943,
            "MAE": 1.2140663785207422,
            "R2": 0.9040127182582391
        },
        "BARTOnTables": {
            "train_time": 4.235642194747925,
            "RMSE": 1.8559904905454359,
            "MAE": 1.528870966070297,
            "R2": 0.8442999197983831
        }
    },
    "sin": {
        "BART": {
            "train_time": 5.769670009613037,
            "RMSE": 0.09658401958705934,
            "MAE": 0.07539975243546328,
            "R2": 0.9812493008249378
        },
        "BARTOnTables": {
            "train_time": 3.5465657711029053,
            "RMSE": 0.10174925417113645,
            "MAE": 0.07472137757053535,
            "R2": 0.979190129197221
        }
    },
    "cancer": {
        "BART": {
            "train_time": 5.548648118972778,
            "Accuracy": 0.9824561403508771,
            "F1-score": 0.9861751152073732
        },
        "BARTOnTables": {
            "train_time": 4.121428966522217,
            "Accuracy": 0.9883040935672515,
            "F1-score": 0.9907407407407407
        }
    },
    "csgo": {
        "BART": {
            "train_time": 36.951329946517944,
            "Accuracy": 0.6294732162702823,
            "F1-score": 0.6653282473398916
        },
        "BARTOnTables": {
            "train_time": 28.393165111541748,
            "Accuracy": 0.6361413647477218,
            "F1-score": 0.713961209156037
        }
    },
    "california": {
        "BART": {
            "train_time": 22.618757963180542,
            "RMSE": 0.651759614496955,
            "MAE": 0.4778133622231178,
            "R2": 0.6763599126911704
        },
        "BARTOnTables": {
            "train_time": 23.221803188323975,
            "RMSE": 0.7164417138686572,
            "MAE": 0.5345993393778652,
            "R2": 0.6089348231605807
        }
    },
    "moons": {
        "BART": {
            "train_time": 5.226009130477905,
            "Accuracy": 0.9666666666666667,
            "F1-score": 0.9629629629629629
        },
        "BARTOnTables": {
            "train_time": 3.838839054107666,
            "Accuracy": 0.9666666666666667,
            "F1-score": 0.9629629629629629
        }
    },
    "diabetes": {
        "BART": {
            "train_time": 4.705930948257446,
            "RMSE": 51.09827889715067,
            "MAE": 40.389609380743806,
            "R2": 0.516323592240169
        },
        "BARTOnTables": {
            "train_time": 3.733772039413452,
            "RMSE": 50.452573870339705,
            "MAE": 40.28238187145097,
            "R2": 0.5284703424813966
        }
    },
    "raisin": {
        "BART": {
            "train_time": 6.069023847579956,
            "Accuracy": 0.8592592592592593,
            "F1-score": 0.8538461538461538
        },
        "BARTOnTables": {
            "train_time": 4.57722020149231,
            "Accuracy": 0.8666666666666667,
            "F1-score": 0.8615384615384616
        }
    }
}
