{
    "model_params": {
        "chains": 2,
        "draws": 250,
        "tune": 25,
        "m": 50
    },
    "friedman": {
        "BART": {
            "train_time": 5.27360200881958,
            "RMSE": 1.507130417415917,
            "MAE": 1.2520380789216994,
            "R2": 0.8973310754463292
        },
        "BARTOnTables": {
            "train_time": 4.238438129425049,
            "RMSE": 1.8961615126105789,
            "MAE": 1.5803259880655176,
            "R2": 0.8374870412311378
        }
    },
    "sin": {
        "BART": {
            "train_time": 5.660423040390015,
            "RMSE": 0.10351925270195567,
            "MAE": 0.07760283611929374,
            "R2": 0.978459827778952
        },
        "BARTOnTables": {
            "train_time": 3.5340421199798584,
            "RMSE": 0.08986283640649102,
            "MAE": 0.06721050459836674,
            "R2": 0.9837681821768447
        }
    },
    "cancer": {
        "BART": {
            "train_time": 5.8077781200408936,
            "Accuracy": 0.9824561403508771,
            "F1-score": 0.9861751152073732
        },
        "BARTOnTables": {
            "train_time": 4.104625940322876,
            "Accuracy": 0.9941520467836257,
            "F1-score": 0.9953917050691244
        }
    },
    "csgo": {
        "BART": {
            "train_time": 36.44854402542114,
            "Accuracy": 0.6316959324294288,
            "F1-score": 0.6685337067413483
        },
        "BARTOnTables": {
            "train_time": 28.641475200653076,
            "Accuracy": 0.6188041787063792,
            "F1-score": 0.6460268317853457
        }
    },
    "california": {
        "BART": {
            "train_time": 22.454089164733887,
            "RMSE": 0.6559226690170229,
            "MAE": 0.4810708688915854,
            "R2": 0.6722122659954339
        },
        "BARTOnTables": {
            "train_time": 23.229650020599365,
            "RMSE": 0.6945045658476505,
            "MAE": 0.5153612468529187,
            "R2": 0.6325166834051248
        }
    },
    "moons": {
        "BART": {
            "train_time": 5.294374942779541,
            "Accuracy": 0.9666666666666667,
            "F1-score": 0.9629629629629629
        },
        "BARTOnTables": {
            "train_time": 3.862349033355713,
            "Accuracy": 0.9666666666666667,
            "F1-score": 0.9629629629629629
        }
    },
    "diabetes": {
        "BART": {
            "train_time": 4.734588146209717,
            "RMSE": 51.318337933636684,
            "MAE": 40.62075776253058,
            "R2": 0.512148635380713
        },
        "BARTOnTables": {
            "train_time": 3.7413129806518555,
            "RMSE": 51.75009291849577,
            "MAE": 40.98764266111987,
            "R2": 0.5039052541648067
        }
    },
    "raisin": {
        "BART": {
            "train_time": 6.099419832229614,
            "Accuracy": 0.8555555555555555,
            "F1-score": 0.8505747126436781
        },
        "BARTOnTables": {
            "train_time": 4.613077878952026,
            "Accuracy": 0.8666666666666667,
            "F1-score": 0.8625954198473282
        }
    }
}
