{
    "model_params": {
        "chains": 2,
        "draws": 250,
        "tune": 25,
        "m": 50
    },
    "friedman": {
        "BART": {
            "train_time": 5.295537948608398,
            "RMSE": 1.3637618801367253,
            "MAE": 1.126991947491831,
            "R2": 0.9159351511175643
        },
        "BARTOnTables": {
            "train_time": 4.242433786392212,
            "RMSE": 1.9337979854495813,
            "MAE": 1.6012911054095305,
            "R2": 0.8309716508816924
        }
    },
    "sin": {
        "BART": {
            "train_time": 5.550106763839722,
            "RMSE": 0.10008519220955932,
            "MAE": 0.07428198028631915,
            "R2": 0.9798652347746243
        },
        "BARTOnTables": {
            "train_time": 3.5557737350463867,
            "RMSE": 0.08349322691087746,
            "MAE": 0.06001126848948521,
            "R2": 0.9859877006231331
        }
    },
    "cancer": {
        "BART": {
            "train_time": 5.604281902313232,
            "Accuracy": 0.9883040935672515,
            "F1-score": 0.9908256880733946
        },
        "BARTOnTables": {
            "train_time": 4.1230878829956055,
            "Accuracy": 0.9883040935672515,
            "F1-score": 0.9907407407407407
        }
    },
    "csgo": {
        "BART": {
            "train_time": 37.248632192611694,
            "Accuracy": 0.6390308957546121,
            "F1-score": 0.6681651001225991
        },
        "BARTOnTables": {
            "train_time": 28.682512760162354,
            "Accuracy": 0.639697710602356,
            "F1-score": 0.675345483677148
        }
    },
    "california": {
        "BART": {
            "train_time": 22.49870228767395,
            "RMSE": 0.6501456823033684,
            "MAE": 0.47594288160183873,
            "R2": 0.6779607680547497
        },
        "BARTOnTables": {
            "train_time": 23.224440813064575,
            "RMSE": 0.7161871620683733,
            "MAE": 0.5339668500013387,
            "R2": 0.6092126647726865
        }
    },
    "moons": {
        "BART": {
            "train_time": 5.273298263549805,
            "Accuracy": 0.9666666666666667,
            "F1-score": 0.9629629629629629
        },
        "BARTOnTables": {
            "train_time": 3.8798599243164062,
            "Accuracy": 0.9666666666666667,
            "F1-score": 0.9629629629629629
        }
    },
    "diabetes": {
        "BART": {
            "train_time": 4.764217853546143,
            "RMSE": 51.26152534127787,
            "MAE": 40.61793099106543,
            "R2": 0.5132282010915841
        },
        "BARTOnTables": {
            "train_time": 3.749134063720703,
            "RMSE": 52.00458256463884,
            "MAE": 41.6966511935216,
            "R2": 0.4990140008657974
        }
    },
    "raisin": {
        "BART": {
            "train_time": 6.090308666229248,
            "Accuracy": 0.8629629629629629,
            "F1-score": 0.8582375478927203
        },
        "BARTOnTables": {
            "train_time": 4.58258581161499,
            "Accuracy": 0.8666666666666667,
            "F1-score": 0.8615384615384616
        }
    }
}
