{
    "model_params": {
        "chains": 2,
        "draws": 250,
        "tune": 25,
        "m": 50
    },
    "friedman": {
        "BART": {
            "train_time": 5.331371784210205,
            "RMSE": 1.4775200010400913,
            "MAE": 1.2239438615723244,
            "R2": 0.9013256941240186
        },
        "BARTOnTables": {
            "train_time": 4.257461786270142,
            "RMSE": 1.8103375659523941,
            "MAE": 1.5027463077009762,
            "R2": 0.8518654134191479
        }
    },
    "sin": {
        "BART": {
            "train_time": 5.796751976013184,
            "RMSE": 0.09930154640986938,
            "MAE": 0.07721486556367332,
            "R2": 0.98017930227258
        },
        "BARTOnTables": {
            "train_time": 3.5579898357391357,
            "RMSE": 0.08314855656155756,
            "MAE": 0.06042455214877953,
            "R2": 0.9861031508376472
        }
    },
    "cancer": {
        "BART": {
            "train_time": 5.611652135848999,
            "Accuracy": 0.9824561403508771,
            "F1-score": 0.9861751152073732
        },
        "BARTOnTables": {
            "train_time": 4.118707180023193,
            "Accuracy": 0.9941520467836257,
            "F1-score": 0.9953917050691244
        }
    },
    "csgo": {
        "BART": {
            "train_time": 37.18315601348877,
            "Accuracy": 0.6419204267615025,
            "F1-score": 0.6882136636346042
        },
        "BARTOnTables": {
            "train_time": 29.235227346420288,
            "Accuracy": 0.6343631918204046,
            "F1-score": 0.6597724922440538
        }
    },
    "california": {
        "BART": {
            "train_time": 22.42741584777832,
            "RMSE": 0.6498193550374536,
            "MAE": 0.475124689789396,
            "R2": 0.6782839688726865
        },
        "BARTOnTables": {
            "train_time": 23.172218084335327,
            "RMSE": 0.699183680416922,
            "MAE": 0.5213461016654962,
            "R2": 0.6275482813431257
        }
    },
    "moons": {
        "BART": {
            "train_time": 5.245432138442993,
            "Accuracy": 0.9666666666666667,
            "F1-score": 0.9629629629629629
        },
        "BARTOnTables": {
            "train_time": 3.88283109664917,
            "Accuracy": 0.9666666666666667,
            "F1-score": 0.9629629629629629
        }
    },
    "diabetes": {
        "BART": {
            "train_time": 4.782123804092407,
            "RMSE": 50.83910242082275,
            "MAE": 40.07579200691642,
            "R2": 0.5212176761756241
        },
        "BARTOnTables": {
            "train_time": 3.7474350929260254,
            "RMSE": 50.99721071897478,
            "MAE": 40.70800030128366,
            "R2": 0.5182350440488879
        }
    },
    "raisin": {
        "BART": {
            "train_time": 6.130588054656982,
            "Accuracy": 0.8592592592592593,
            "F1-score": 0.8549618320610687
        },
        "BARTOnTables": {
            "train_time": 4.5876758098602295,
            "Accuracy": 0.8666666666666667,
            "F1-score": 0.8615384615384616
        }
    }
}
