{
    "model_params": {
        "chains": 2,
        "draws": 250,
        "tune": 25,
        "m": 50
    },
    "friedman": {
        "BART": {
            "train_time": 5.340084791183472,
            "RMSE": 1.5065364406965969,
            "MAE": 1.254601177669243,
            "R2": 0.8974119854103922
        },
        "BARTOnTables": {
            "train_time": 4.256910085678101,
            "RMSE": 1.9705143665593794,
            "MAE": 1.6332482639146015,
            "R2": 0.8244921468163662
        }
    },
    "sin": {
        "BART": {
            "train_time": 5.852325201034546,
            "RMSE": 0.09457183615488235,
            "MAE": 0.06866408360650685,
            "R2": 0.9820224478518474
        },
        "BARTOnTables": {
            "train_time": 3.547152042388916,
            "RMSE": 0.0959585581078118,
            "MAE": 0.07092445695033688,
            "R2": 0.9814913670871753
        }
    },
    "cancer": {
        "BART": {
            "train_time": 5.625601053237915,
            "Accuracy": 0.9883040935672515,
            "F1-score": 0.9908256880733946
        },
        "BARTOnTables": {
            "train_time": 4.156831979751587,
            "Accuracy": 0.9824561403508771,
            "F1-score": 0.9861751152073732
        }
    },
    "csgo": {
        "BART": {
            "train_time": 36.62167024612427,
            "Accuracy": 0.6288064014225383,
            "F1-score": 0.6503350083752094
        },
        "BARTOnTables": {
            "train_time": 28.806146144866943,
            "Accuracy": 0.6352522782840632,
            "F1-score": 0.6576257041518881
        }
    },
    "california": {
        "BART": {
            "train_time": 22.316530227661133,
            "RMSE": 0.652950481028808,
            "MAE": 0.4774747772060098,
            "R2": 0.6751761503228567
        },
        "BARTOnTables": {
            "train_time": 23.20966410636902,
            "RMSE": 0.6938114425068351,
            "MAE": 0.5138677906406556,
            "R2": 0.6332498223195775
        }
    },
    "moons": {
        "BART": {
            "train_time": 5.256693124771118,
            "Accuracy": 0.9666666666666667,
            "F1-score": 0.9629629629629629
        },
        "BARTOnTables": {
            "train_time": 3.8794198036193848,
            "Accuracy": 0.9666666666666667,
            "F1-score": 0.9629629629629629
        }
    },
    "diabetes": {
        "BART": {
            "train_time": 4.736668109893799,
            "RMSE": 50.744584059292166,
            "MAE": 39.97110576796989,
            "R2": 0.5229962934808706
        },
        "BARTOnTables": {
            "train_time": 3.7532002925872803,
            "RMSE": 51.65456205845121,
            "MAE": 40.99466866922487,
            "R2": 0.5057351490241371
        }
    },
    "raisin": {
        "BART": {
            "train_time": 6.086910009384155,
            "Accuracy": 0.8666666666666667,
            "F1-score": 0.8615384615384616
        },
        "BARTOnTables": {
            "train_time": 5.052433967590332,
            "Accuracy": 0.8666666666666667,
            "F1-score": 0.8615384615384616
        }
    }
}
