{
    "model_params": {
        "chains": 2,
        "draws": 250,
        "tune": 25,
        "m": 50
    },
    "friedman": {
        "BART": {
            "train_time": 7.193864822387695,
            "RMSE": 1.4510004158769934,
            "MAE": 1.2011497526074573,
            "R2": 0.9048360595240003
        },
        "BARTOnTables": {
            "train_time": 4.158550977706909,
            "RMSE": 1.9062916509023,
            "MAE": 1.5824603384242388,
            "R2": 0.8357459697957712
        }
    },
    "sin": {
        "BART": {
            "train_time": 5.637717008590698,
            "RMSE": 0.10673492934797339,
            "MAE": 0.07851624601261252,
            "R2": 0.9771008137830817
        },
        "BARTOnTables": {
            "train_time": 3.4963841438293457,
            "RMSE": 0.08870009814453064,
            "MAE": 0.06513057116180836,
            "R2": 0.9841855127420113
        }
    },
    "cancer": {
        "BART": {
            "train_time": 5.597853183746338,
            "Accuracy": 0.9824561403508771,
            "F1-score": 0.9861751152073732
        },
        "BARTOnTables": {
            "train_time": 4.0640082359313965,
            "Accuracy": 0.9941520467836257,
            "F1-score": 0.9953917050691244
        }
    },
    "csgo": {
        "BART": {
            "train_time": 37.86926007270813,
            "Accuracy": 0.6308068459657702,
            "F1-score": 0.6471213086891863
        },
        "BARTOnTables": {
            "train_time": 31.62373399734497,
            "Accuracy": 0.6374749944432097,
            "F1-score": 0.6637806637806638
        }
    },
    "california": {
        "BART": {
            "train_time": 23.890846967697144,
            "RMSE": 0.6483480469149697,
            "MAE": 0.4738951698047807,
            "R2": 0.6797391657321696
        },
        "BARTOnTables": {
            "train_time": 23.887388229370117,
            "RMSE": 0.6929787173343491,
            "MAE": 0.5126064164884437,
            "R2": 0.6341296545381745
        }
    },
    "moons": {
        "BART": {
            "train_time": 5.2793989181518555,
            "Accuracy": 0.9666666666666667,
            "F1-score": 0.9629629629629629
        },
        "BARTOnTables": {
            "train_time": 3.983327865600586,
            "Accuracy": 0.9666666666666667,
            "F1-score": 0.9629629629629629
        }
    },
    "diabetes": {
        "BART": {
            "train_time": 4.866651296615601,
            "RMSE": 50.614030184345644,
            "MAE": 39.74439522931806,
            "R2": 0.525447572739557
        },
        "BARTOnTables": {
            "train_time": 4.43998908996582,
            "RMSE": 51.375383089524576,
            "MAE": 41.013794151976136,
            "R2": 0.5110634472842072
        }
    },
    "raisin": {
        "BART": {
            "train_time": 6.3489789962768555,
            "Accuracy": 0.8592592592592593,
            "F1-score": 0.8538461538461538
        },
        "BARTOnTables": {
            "train_time": 4.782875061035156,
            "Accuracy": 0.8666666666666667,
            "F1-score": 0.8625954198473282
        }
    }
}
